topic_id,word1,word1_score,word2,word2_score,...
0,测试,387,能力,384,进行,377,管理,362,要求,286,方面,157,完成,149,团队,144,沟通,137,培训,137,项目,128,加强,122,做好,119,执行,119,提升,118,会议,116,相关,115,系统,114,任务,114,确保,108,责任,104,方案,103,领导,102,重点,101,安排,100,计划,99,提供,93,行动,88,提出,87,学员,87,指导,80,检查,78,强化,77,积极,76,及时,71,意识,71,良好,71,落实,67,基础,65,部门,65,主动,64,充分,63,丰富,61,强调,61,资源,61,严格,60,保证,60,采取,60,建设,58,机构,58,实施,58,维护,55,负责,53,全面,53,应对,52,一项,51,建立,50,保障,50,规范,49,考核,46,谈论,44,高度,44,配合,44,推进,43,单位,43,引导,43,监管,43,责任心,43,评估,42,完善,40,增强,40,明确,39,培养,38,运用,37,回应,37,一步,37,报告,36,结合,35,原则,34,高效,33,精力,32,拓展,30,世园,30,形式,29,开发,28,印象,27,取得,27,深刻,27,构建,27,成效,26,评价,26,决策,26,体系,25,创造力,24,监测,24,意愿,23,力,23,突出,22,被动,22,掩饰,22,近年来,19,实行,19,循环,18,各方,17,巧克力,17,安保,17,调研,16,治理,16,相应,16,黑,16,干扰,16,工作效率,15,延伸,15,推行,14,各项,14,有力,13,哪种,13,干预,13,形势,13,跟踪,12,进程,12,运作,11,举措,11,倾斜,10,心理素质,10,超出,10,途径,9,事务,8,体能,8,传导,7,精力充沛,7,所迫,6,履行,6,顺利完成,6,这有,5,保持良好,5,扛得住,4,加压,4
1,位,1553,操作,921,止损,550,关注,490,短线,479,低,363,支撑位,356,回落,297,附近,275,突破,260,逢,255,之下,228,注意,197,为主,173,之上,167,上行,151,放空,120,思路,118,空,112,不变,94,回调,90,向上,88,企稳,77,止盈,68,做空,67,当前,67,区间,66,股指,66,冲击,60,上冲,60,铜,52,设,51,后市,51,短空,51,豆粕,46,盈,45,位逢,42,焦炭,40,橡胶,40,下设,38,焦煤,37,短多,37,波段,36,稍,35,迹象,35,观望,34,螺纹,33,动,31,低加,31,位后,29,展开,29,顺势,28,菜粕,26,铁矿石,25,稳住,22,郑煤,21,抢反弹,21,抽,20,棕油,16,沥青,16,国债,15,豆油,15,日胶,13,伦铜,13,加,12,单以,12,窄幅,11,下破,10,单止,9,冲到,9,位是,8,恒指,3
2,不要,1070,重要,702,特别,456,必要,404,不好,329,相信,323,机会,308,保持,236,得到,208,力量,188,顺其自然,184,做事,161,利用,155,依赖,134,应有,130,该是,103,少数,95,赢得,73,人格,66,奉承,66,尊重,64,终会,64,巴结,64,用尽心机,60,静心,59,做到,51,把握,47,受益,43,盘算,41,原则,40,勉强,32,祸,27,惹,27,一味,27,没什么,27,人到中年,25,过得,24,转化,22,并存,21,慢慢来,21,同伴,19,主,16,终身,16,up,16,阴暗,15,大不大,15,烦忧,10,重启,9,太多人,8,台州,8,不多,7,抵消,6,这条,5,饭局,5,人能,5,发自内心,5,苦楚,4,轻飘飘,3,驱散,3,有太大,2,落差,2
3,自由,656,欲望,387,内心,329,满足,290,痛苦,263,真正,243,精神,242,自我,222,追求,202,渴望,170,放弃,169,束缚,163,物质,147,想要,146,真实,135,失去,122,现实,109,摆脱,106,心灵,97,始终,96,留下,83,哭,82,财富,75,执着,70,强烈,68,贪婪,65,只会,64,期望,57,情感,55,想法,53,表达,51,常常,48,并非,48,限制,48,几十年,47,感,45,之中,43,事物,41,灵魂,41,不安,40,意志,40,念头,38,越发,38,天性,38,无谓,38,带给,37,矛盾,36,浮躁,36,权利,36,贫穷,36,金钱,35,缺失,32,丰富,32,满足感,32,有着,32,世俗,31,厌倦,31,成就,29,内心深处,28,放手,28,寄托,27,否定,27,过分,26,空虚,26,负重,25,前提,25,之际,25,虚荣,25,反抗,24,短短,24,相反,24,来源于,24,多余,24,步履,23,自已,22,重重,22,赋予,22,不幸,22,更为,22,一味,21,换来,21,随心所欲,20,缺少,20,放纵,19,枷锁,19,摧毁,19,无形,19,奴隶,17,挣扎,17,快感,16,唤醒,15,饥饿,15,挥之不去,14,被动,14,某种,14,烦扰,14,绝不,14,初衷,14,无用,13,功利,13,驱赶,13,头脑,12,名利,12,强迫,12,潜在,12,约束,12,直面,11,剥夺,11,膨胀,10,累积,10,外力,10,隐忍,10,何来,9,抗争,9,违背,8,尽量避免,8,总想,8,失恋,7,冥想,7,忙忙碌碌,7,都市人,6,慰藉,6,之时,6,当个,5,第一种,5,消极情绪,4,痛楚,4,太有,4,屈服于,3,无止境,3,搁置,3,躯壳,3,要来,3
4,问题,2692,解决,751,存在,220,遇到,166,方面,148,考虑,133,解决问题,108,所谓,92,处理,89,困难,86,关键,79,困扰,71,不足,68,办法,64,负责,61,反映,54,缺乏,50,突出,47,大多数,41,实际,40,根源,40,必然,38,缺少,36,解决不了,34,反思,32,难题,30,体系,27,障碍,24,回避,24,相反,24,形式,24,困惑,24,几十年,22,得不到,20,困难重重,19,应付,19,难免,19,多重,18,气缸,16,缺失,15,途径,15,常态,15,太低,14,情形,13,不容忽视,13,严肃,12,繁琐,12,短缺,11,直面,11,凸显,10,谈到,9,首要,8,难于,8,环境污染,7,举措,6,充当,6,不免,4,一有,4,谈不上,4,搁置,3,蛮大,3
5,导致,623,原因,368,造成,276,过大,226,孕妇,223,熬夜,214,长期,210,引起,203,痘痘,169,疾病,159,子宫,153,因素,150,下降,133,规律,132,过度,127,脱发,123,胎儿,109,肥胖,107,卵巢,104,癌症,93,饮食,92,孕期,85,肾脏,82,激素,77,加重,76,便秘,74,紊乱,72,分泌,72,功能,72,膀胱,72,长时间,70,失调,67,内分泌,66,危害,64,不足,63,免疫力,63,睡眠不足,61,生活习惯,60,疲劳,58,痘,53,精神紧张,52,异常,52,过多,51,衰老,51,药物,50,体内,50,常见,50,分娩,49,精子,49,诱因,48,皱纹,47,几率,47,神经,46,脸上,46,准妈妈,46,排尿,45,青春痘,44,增大,44,频繁,43,发育,42,尿道,42,色斑,42,长痘痘,38,困扰,38,诱发,37,乳腺癌,37,作息,37,青春期,37,污染,36,痤疮,36,升高,36,血液,36,生理,36,加速,36,久坐,35,不良,34,荷尔蒙,33,坏习惯,33,增多,33,腹部,33,高血压,32,二郎腿,31,浮肿,30,尿频,29,血液循环,29,变差,28,体质,28,损伤,28,所致,28,中风,28,不适,27,感染,26,恶化,26,缺氧,26,代谢,25,白发,25,胸部,23,血压,23,新陈代谢,23,饮食习惯,22,过分,20,炎症,20,面部,19,堆积,19,营养不良,19,不利于,19,油脂,19,排出,18,性生活,18,毒素,18,根本原因,17,环境污染,17,肾虚,17,失衡,16,局部,15,暴饮暴食,15,青年人,15,多喝水,15,胃癌,15,机能,15,长此以往,15,症候群,14,主因,14,长斑,14,患上,14,促使,14,糖尿病,14,不合理,14,头皮,14,孕吐,14,晚睡,14,神经系统,13,饮酒,13,不当,13,冰冷,13,睡姿,13,流失,12,患病,12,发病率,12,保持良好,12,不孕,11,挤压,10,病因,10,中医,10,平日,10,消化不良,10,老化,10,眼睑,9,营养物质,9,痉挛,9,大大增加,8,冠心病,8,消化系统,7,哭闹,7,烟酒,7,火气,7,节制,6,复发,5,易怒,5,外部环境,5,胃溃疡,5,户外活动,5,患,4,色素,4,心肌,3,前几日,3
6,习惯,606,觉得,410,是不是,348,ta,299,总是,253,不够,208,越来越,188,说明,161,不再,147,常常,141,真实,134,感受,134,变成,100,新浪网,82,新浪,66,缩短,56,煎熬,56,足够,55,充实,53,财经,52,怎会,41,常态,39,无形,38,天性,36,供给,30,理智,30,不住,29,不舍,26,淡淡的,26,光亮,26,竞技风暴,26,愈发,25,就够,24,勉强,23,放声大哭,22,莫名,22,尝尽,21,通向,21,太少,21,放声,21,掩饰,21,大笑,21,甜酸苦辣,20,哪有,20,不在乎,20,苏州,19,两面,19,碗,19,好像,19,点到为止,19,不经意,18,综合,14,过不去,14,习惯于,13,牵挂,12,迟迟,12,北路,12,温热,12,无可奈何,11,体育,10,一有,10,所迫,9,完好,9,潜力,8,催生,7,荷包,7,咀嚼,4,压在,3,低落,2,eastmoney,1
7,成功,818,改变,479,能力,384,心态,370,努力,336,失败,285,决定,277,面对,252,积极,223,学会,192,困难,180,自信,170,动力,166,挑战,166,乐观,146,事业,115,成长,111,挫折,109,行动,108,遇到,106,创业,100,自我,99,鼓励,97,方向,90,成就,86,信心,80,宽容,69,逆境,69,进步,67,培养,66,价值,66,团队,63,信念,63,做到,61,消极,58,前进,56,创造,55,思想,54,奋斗,53,激励,52,勇气,51,相处,43,尝试,43,思维,43,激情,40,投入,39,从来不,39,做事,35,认可,34,毅力,34,潜力,33,注定,33,人际关系,32,敢于,31,等于,28,自信心,28,看待,28,质疑,27,低头,27,克服,27,意志,26,发挥,26,价值观,26,转化,24,退路,24,注重,23,观念,21,人要,21,解决问题,21,生活态度,21,理念,20,强者,20,幸福感,20,向前,20,反思,18,从容,17,运势,16,磨难,16,困境,16,企业家,15,抗压,15,逼迫,15,顺境,15,艰苦,14,拓展,13,远,13,得失,13,在生活中,12,出路,12,慌,12,应付,11,坚持下去,11,潜能,11,驾驭,11,苦闷,10,人生路,10,让步,9,精神状态,9,遇事,8,不信,8,失意,8,轻装上阵,7,事务,7,发自内心,7,向来,7,究其原因,5,面对现实,4,轻飘飘,4,保持良好,4,积聚,4,心好,2
8,板块,1307,个股,665,反弹,609,指数,484,涨停,450,调整,409,股,358,创业板,345,热点,297,资金,280,强势,275,盘面,265,次新股,259,近期,244,早盘,243,表现,242,大涨,211,午后,183,钢铁,176,题材,173,概念,170,回调,167,次,165,新,165,上证,157,分化,149,涨,145,券商,144,依旧,144,银行,144,活跃,142,周五,139,军工,135,保险,135,超跌,133,龙头,129,带动,128,股份,125,盘中,124,拉升,122,跌,113,重点,113,题材股,112,煤炭,111,冲高,108,跌停,108,涨幅,104,科技股,100,环保,100,大跌,99,业绩,94,前期,92,两市,90,高位,88,提示,88,冲击,86,有色,83,蓝筹,83,走强,81,放量,76,仓位,76,居前,76,资源,75,g,75,持续性,74,领涨,74,权重,70,利好,68,转,67,蓝筹股,65,护盘,64,尾盘,64,雄安,62,概念股,62,金融,61,新高,60,低位,60,补涨,59,缩量,57,异动,56,下周,55,主板,52,创,51,追涨,50,水泥,50,证券,50,低开,49,人工智能,49,走高,47,谨慎,47,集体,47,开盘,47,涨停板,46,医药,46,杀跌,46,加速,46,减持,45,追高,44,基建,42,锂电池,42,涨价,42,消息面,42,留意,41,轮动,40,金融股,39,效应,38,普涨,38,后续,36,抛压,36,强势股,35,高送,34,中小,34,高开,33,领跌,33,深市,33,送,33,sz,33,游资,32,石油,32,地产,32,抄底,31,补跌,31,新股,31,权重股,31,跟随,30,早评,29,白马股,28,封板,28,牛股,27,个点,26,暴跌,26,钛白粉,25,龙头股,25,午评,25,跳水,25,收评,25,三大,24,化工,23,中线,23,创指,23,受益,23,重挫,23,翻红,23,回避,23,规避,22,持股,22,大盘股,21,走弱,21,人气,21,新低,21,地产股,21,国企改革,21,发力,21,全天,20,字头,20,套牢,18,低价,18,稳住,17,跳空,17,港口,17,新股申购,17,预示,16,止跌,16,维稳,15,小盘股,15,解禁,14,拉高,14,回暖,14,沪市,14,创新,13,激活,13,止跌企稳,13,整理,13,电力,13,避险,12,获利盘,12,休整,12,转强,12,这波,12,收涨,11,超,11,午盘,11,高开低走,10,逆势,10,涨跌,10,值得注意,10,中小板,9,被套,9,较弱,9,贵金属,9,偏弱,9,该股,9,较差,9,再创新高,8,看少动,8,大盘走势,8,触底,8,天线,8,收阳,8,突破口,6,回吐,6,公共交通,5,领头羊,5,上移,5,翻绿,4,具体操作,4
9,工作,3443,每天,322,职场,261,加班,207,学习,188,白领,181,同事,143,上班族,105,办公室,102,上班,101,职业,96,猝死,85,家人,83,一份,73,繁忙,65,减压,63,应酬,61,繁重,52,规律,51,长,48,人群,44,高强度,41,辞职,40,从事,39,这份,39,投入,36,拼命,30,忧虑,29,via,28,乐趣,27,学业,26,节奏快,26,太忙,26,升职,25,各种各样,25,办公,24,过劳肥,22,繁琐,22,年底,21,供,20,薪水,19,失业,19,操心,17,年关,16,应付,16,接踵而来,16,午休,15,连轴转,14,锻炼身体,14,工作量,14,身心俱疲,14,全天,13,心理健康,13,不顺,13,工作效率,12,多重,12,家事,11,劳苦,11,透支,11,离世,11,倦怠,11,星座,10,再大,10,劳逸结合,10,全无,10,亚健康,10,试着,10,常态,10,过劳,9,加班加点,9,适时,9,深感,9,并存,8,大是,8,焦头烂额,8,整日,8,年终,7,厌烦,6,愈发,6,杂事,6,暗淡,6,没来,6,压缩,6,日复一日,5,心情舒畅,4,黄金周,4,重任,4,嘈杂,3,不景气,3,会因,3
10,选择,1234,生活,1079,人生,370,面对,275,家庭,250,社会,238,事业,229,责任,213,放弃,193,现实,175,独立,171,每个,164,年轻,158,岁,151,能力,127,不同,125,决定,114,年龄,111,家人,107,生存,107,承担,101,理想,98,遇到,96,逃避,95,金钱,75,不得不,72,艰难,72,奋斗,68,阶段,64,职业,64,年纪,62,做出,60,婚姻,57,追求,55,坚强,55,坚守,53,一份,53,年轻人,50,面前,49,迫于,42,危险,39,打拼,38,负责,37,苦难,37,拼搏,36,公平,36,牺牲,35,大多数,35,权利,35,亲情,35,残酷,35,大多,35,责任感,33,有着,30,大城市,29,不愿,28,借口,27,背负,26,撒谎,25,义务,24,等于,24,不易,24,责任心,22,时期,21,艰辛,21,太高,20,上有老下有小,19,过得,19,规划,18,困惑,18,窘迫,18,感知,17,学业,17,面对现实,16,无处不在,16,身为,16,世俗,16,诸多,16,难题,16,枷锁,15,野心,15,丝毫,15,扛起,14,无可奈何,13,学历,13,活下去,13,活出,12,非议,11,低头,11,处境,11,抉择,11,从事,11,逼迫,10,懦弱,10,现代,10,那份,10,内心深处,10,顾虑,9,人到中年,8,压垮,8,当个,8,担起,8,催生,8,成正比,8,筋疲力尽,7,维系,7,附加,7,我愿,6,过好,6,越大越,6,看荐,6,更难,6,切勿,5,人生路,5,瓶颈,4,难以想象,4
11,关注,878,动力,524,低,162,话题,160,相信,130,决定,130,也许,114,最大,114,力量,109,方向,103,了解,101,潜能,90,甜蜜,81,处理,80,股,72,逢,57,推荐,56,前进,54,高度,54,节食,52,关爱,50,逼出来,48,带给,47,背后,45,重重,44,买入,42,大于,40,油腻,39,浮肿,38,一股,37,更大,37,惰性,34,清火,33,多大,32,消脂,31,涨气者,30,护胃,29,平常,29,积食,27,激发,26,穷者,25,思变,25,哭,24,时世造,24,英雄,24,转换,23,无忧,23,喝,23,食肉,22,压垮,22,扛不住,21,利尿,21,舆论,20,做起,19,不减,18,谈论,18,更能,18,便秘,16,无形中,16,化为,15,来源于,15,肩膀,15,快来,15,排毒,14,不动,13,增添,13,何去何从,13,轻装上阵,11,靠近,11,放飞,10,突如其来,9,使然,8,倍增,8,心头,8,爱护,7,水泥,7,思虑,6,压在,6,磅礴,6,放在心里,6,别有,4,迫切,4,计生,4,业内,4,支撑点,3,焦头烂额,3
12,企业,585,政府,370,国家,365,减轻,350,增加,335,政策,310,制度,232,改革,224,规定,191,费用,187,实施,171,提高,153,降低,144,标准,144,收费,141,税收,133,成本,131,部分,129,保障,128,社保,121,补贴,120,提供,113,鼓励,100,出台,97,完善,96,老百姓,94,管理,89,应,88,机构,88,实行,85,加大,84,我国,83,相关,80,范围,77,日起,76,措施,76,征收,73,单位,73,加重,73,居民,73,收入,71,医疗,70,职工,70,提出,70,促进,68,财政,68,实际,68,中央,66,建立,66,每年,66,部门,63,扩大,63,规范,63,试点,62,养老,59,数量,59,加强,56,明确,56,限制,56,养老金,55,支出,53,税费,53,投入,52,这一,51,发改委,51,民众,50,减税,49,国务院,48,比例,48,缴纳,48,方案,48,纳税人,48,合理,46,农民,46,生育,45,全面,45,推进,44,建设,44,公平,44,收取,43,执行,43,原则,42,国企,42,版,41,推行,41,畅读,41,确保,40,医保,40,地区,40,有利于,40,应当,39,体系,38,土地,37,税负,36,万元,36,利益,36,落实,35,财政部,35,各项,31,形式,31,每月,29,增值税,29,不合理,27,中小企业,27,相应,26,养老保险,26,予以,26,严格,26,减负,24,基金,24,社部,23,超出,22,劳动,22,等于,21,解除,20,强制,20,房产税,20,计划生育,20,难度,20,评估,20,体制,19,呼吁,19,不利于,19,开支,18,社会保障,17,竞争力,17,承受能力,16,临时,15,此举,15,治理,15,大病,15,就医,15,医疗费,14,抚养,14,居住,14,缩短,13,义务,13,举措,13,积极性,13,初衷,13,失业,11,农业,11,医改,11,削减,11,生二胎,11,负面影响,10,侵害,10,各方,10,工作量,10,市场化,10,大大,10,管道,9,万亿元,9,备受,7,空前,7,基础设施,7,中小学,7,计生,7,倒逼,7,事务,6,后顾之忧,6,附加,6,规避,6,财力,5,短缺,5,良方,5,可减轻,3,社科院,3
13,表示,1985,很大,1699,毫无,598,山,469,好大,258,最近,167,看来,62,via,48,山大,47,抽烟,46,对此,39,还好,37,重复,30,不小,29,胸部,26,搜狐,25,缓慢,24,新闻,24,不爽,22,身为,22,略大,22,这下,18,跟上,17,人多,16,谈到,14,勺子,14,干净,14,打嗝,14,舌头,14,呼气,14,几分钟,14,压住,14,略有,13,全靠,13,iphone,12,不怎么,12,深感,11,度,11,没得,10,指向,10,不佳,10,何去何从,10,期末考试,10,算了,10,不景气,9,才行,8,淮南,7,人要,7,一个多月,7,精疲力尽,6,冲到,6,米,6,很小,6,北路,5,吃不消,5,高峰期,4,眉山,1
14,影响,850,导致,752,造成,621,原因,578,产生,337,容易,293,严重,292,发生,218,无法,180,形成,178,因素,172,受,166,正常,161,直接,153,长期,135,现象,134,伤害,106,大量,95,处于,92,行为,86,过高,81,难以,80,程度,75,及时,71,缺乏,71,后果,70,引发,66,过大,59,致使,55,必然,49,使人,43,消除,41,遭遇,38,阻碍,36,表面,36,起到,35,不当,34,异常,34,冲突,33,过多,33,所致,32,扩张,32,转向,32,诱发,31,内部,31,加剧,30,久而久之,28,很少,28,过重,27,丧失,27,损害,26,威胁,24,受损,23,缺少,23,超负荷,22,失衡,22,干扰,22,根源,21,升高,21,抵消,20,太高,20,长此以往,20,过快,19,较差,19,便会,19,得不到,19,不利,18,极限,18,灾难,18,过滤,17,扭曲,17,减弱,17,气体,17,轮胎,17,不良,17,个体,16,在生活中,16,生理,16,恶性循环,15,根本原因,15,被迫,15,期望值,14,过早,14,摩擦,14,缺失,13,一粒,13,沙子,13,来源于,13,面色,12,注意力,12,日常生活,12,流入,12,但会,12,负面影响,11,高山,11,远方,11,会因,11,大大增加,10,累积,10,更能,10,鞋里,10,受压,10,心理疾病,10,在所难免,9,既有,9,有害,9,显著,9,首要,8,骤增,8,制约,8,较弱,7,变小,7,更高,6,正,6,免疫系统,6,承受不住,5,一有,5,触发,5,饮水,5,上游,4
15,之后,345,便,300,这种,299,非常,287,感到,207,同样,185,精神,184,整个,167,更是,161,更加,146,强大,141,几乎,133,力量,132,住,128,十分,108,之下,102,责任,93,不到,78,无论是,70,消失,69,便是,69,时期,68,留下,66,显得,64,令人,63,来到,62,一面,61,寂寞,61,严肃,58,相当,55,扛,54,气氛,47,大部分,47,顶得住,45,相比,44,当中,44,太过,43,挺,41,进步,41,不仅仅,39,一丝,38,原本,37,式,37,不久,36,有着,35,看似,34,极度,32,题材,32,可谓,31,不下,31,饱受,31,处境,31,如果说,30,脱离,30,早已,29,手中,28,最为,27,认可,27,野心,26,前所未有,25,得以,25,hold,23,一下子,22,像是,22,绝不,21,称为,21,耐得,21,不论是,20,坚守,20,挣扎,20,之大,19,松懈,19,不顾,19,试图,18,一大,17,目光,16,特征,16,孤独,16,忍得,16,熔炉,16,惧怕,15,犹如,15,这会,15,担得,15,恐怕,14,极限,14,狭小,14,各方,13,适宜,13,许久,13,一个多月,13,最多,12,抗拒,12,单薄,12,休整,12,高高在上,11,呈现出,11,撑起,11,有何,11,冰冷,11,初衷,11,扛得住,10,隐忍,10,坦言,9,思虑,8,不动,8,何以堪,8,空前,8,情,8,反倒,8,哭闹,8,才行,7,不算什么,7,这类,7,恶性循环,6,不得已,6,悲凉,6,父爱,5,前兆,4,小有,4,断裂,4,怒火,4,肩负着,3,落差,3,苍茫,2,没想,2,素颜,2,cc,2,千钧,1
16,支撑,736,高,606,附近,419,位置,371,操作,348,抛,310,大盘,300,建议,243,低吸,229,上方,221,回落,215,依然,174,逢,130,仓位,127,重,122,下方,119,为主,118,较大,112,减仓,111,即可,93,焦炭,90,冲高,90,策略,89,螺纹,83,盘中,83,提示,65,排除,62,阻力,60,反复,58,开盘,53,铁矿,49,区,43,上证,43,观望,39,回升,38,谨慎,37,持有,37,较强,35,理论,35,总体,33,焦煤,33,追高,32,创新,31,一带,28,靠近,28,低点,27,消息,27,重仓,26,夜盘,26,轻仓,21,天线,20,综上,20,手中,19,谨防,19,sh,19,抄底,19,加仓,19,来回,17,强劲,16,幅度,16,全天,15,窄幅,15,前高,15,激进,14,上轨,14,拉高,13,整理,12,振荡,12,看待,11,两日,10,较弱,9,就行,9,偏多,9,急跌,8,适时,8,平仓,8,止跌,8,空仓,8,下影线,7,交易日,7,先看,7,惯性,6,镍,6,股友,5,谈不上,5,收阳,5,符合,5,强压,3,鞍山,3
17,不同,410,使用,308,进行,290,作用,241,达到,193,形成,192,变化,183,过程,174,具有,170,部分,169,产生,163,之间,155,结构,149,采用,143,系统,140,功能,135,效果,130,利用,129,程度,122,包括,121,控制,116,关系,106,基础,104,提供,104,降低,101,大量,88,实现,83,提升,81,结合,80,目的,79,条件,77,特点,77,保证,72,相对,71,稳定,70,外,68,现象,67,表面,67,内部,66,特征,65,相关,64,逐渐,64,性,63,通常,62,信号,61,观察,61,轮胎,61,式,60,阶段,59,大部分,58,平衡,57,快速,55,空气,54,发挥,54,传感器,53,起到,53,范围,52,良好,51,之中,50,有着,49,形式,46,生产,46,称为,44,呈现,44,效应,43,高度,42,稳定性,42,概念,40,制造,39,相应,38,相比,37,一项,37,手段,35,一般来说,35,不易,34,得以,34,更为,34,创伤,33,地面,33,运用,32,分散,32,变为,32,优势,32,效率,31,评估,30,感应,29,以往,29,强度,29,接触,28,车辆,27,外部,26,转换,26,施加,26,流动,26,气压,26,内在,26,注重,25,平稳,24,抑制,23,减小,23,某种,23,延伸,23,性质,22,部位,22,较为,21,借助,20,以此,20,最低,20,摩擦,20,排列,20,进程,19,驱动,19,高压,18,低于,18,诸多,18,内外,18,抵御,18,一层,18,单一,17,实时,17,循环,17,减弱,17,指向,17,值得注意,17,监测,17,日后,16,这类,16,传导,15,严格,15,或者说,15,缩小,15,直至,15,局部,14,干扰,14,倾斜,14,意志,14,多点,13,显现,12,变小,12,成效,11,弯曲,11,电力,11,显著,10,管道,9,削弱,8,较差,8,青春期,8,既有,7,理论,7,重力,7,兼顾,6,触发,6,三角形,6,养分,6,水温,5,极点,4,顺利完成,4
18,放下,1383,抱怨,447,快乐,389,烦恼,362,累,273,心态,221,轻松,192,包袱,176,不累,125,绝望,118,取决于,118,错误,106,犹豫,99,消极,97,自卑,88,狭隘,69,清醒,68,卸下,67,背着,63,右,58,字典,54,里,54,奋斗,53,左,49,渐渐,49,背上,48,删去,41,明白,40,甩掉,36,顺其自然,35,懒惰,35,背负着,34,立即行动,34,宽容,32,步伐,30,心宽,29,天地,29,行囊,27,事物,26,过不去,25,徒增,23,阴霾,22,改变命运,18,快快乐乐,16,卸掉,16,在所难免,14,看待,14,低头,12,打拼,12,试着,12,枷锁,11,放手,11,随之而来,11,抛开,11,停下来,10,踏上,10,看荐,9,潍坊,9,宴席,8,驱散,8,放慢,8,忧心,8,甩开,8,身负,8,放飞,7,坦然,7,烦扰,6,清明,6,松原,6,苦不堪言,5,太多太多,5,蚌埠,5,之大,5,活,4,憋闷,3,太差,3,真累,3,真他妈,2
19,越来越,1224,变得,385,不再,352,年轻,202,自信,165,轻松,143,年龄,126,感到,122,放弃,112,学会,108,变成,101,慢慢,81,年纪,79,那种,73,活着,66,珍惜,66,远,63,懂得,63,逐渐,62,年轻人,62,接近,57,做些,54,辉煌,53,更要,51,渐渐,48,显得,46,越来越近,43,美丽,41,发现自己,37,从来,36,失落,35,走,32,好处,30,谈话,30,喜悦,28,越来越重,28,再大,28,流失,26,遇水架桥,26,想不到,25,逢山开路,24,阳光,24,所说,23,春天,21,日渐,20,社交,17,强者,17,严肃,15,安稳,14,期盼,14,俱,14,力不从心,14,患得患失,14,沮丧,13,格外,13,大到,13,门槛,11,神经系统,10,静下心来,10,活,9,白发,9,随心所欲,8,顾虑,8,无忧无虑,7,抗拒,7,宴席,6,或多或少,4,笨重,4,越走越远,2,看后,2
20,事,1240,事情,1157,很多,909,过去,239,发生,238,伤害,220,一件,206,心里,202,不好,195,有时候,151,遇到,144,做好,100,慢慢,86,实际上,83,难过,71,想着,69,只会,60,人会,52,思维,47,做事,46,这事,45,矛盾,42,指责,41,弄,37,发脾气,36,公平,33,轻易,31,太过,29,一时,29,清醒,28,严肃,26,当成,26,过分,24,过得,24,地说,24,化解,23,地去,23,后果,23,崩溃,22,看书,20,脑袋,20,就让,20,不顺,18,门槛,17,枯燥,15,做些,14,想开,14,边缘,11,快要,11,人要,10,最怕,10,不忍,10,有力,9,不来,9,意念,9,脑子里,9,不快,8,诉苦,7,心理素质,7,人能,7,琐事,6,难堪,6,让步,6,躯体,6,安安静静,6,难免会,6,怨气,5,咀嚼,5,本想,4,周遭,4,当个,4,动不动,4,倒不如,4,多累,2
21,注意,468,最好,445,建议,409,避免,303,使用,299,应,277,过度,218,尽量,205,适当,150,引起,122,正常,110,平时,110,发动机,105,及时,101,保护,101,即可,100,不宜,95,不可,94,提醒,93,过于,76,过大,74,防止,73,气体,73,保养,72,超过,67,检查,62,需,54,充分,53,长时间,51,保证,51,启动,51,合理,49,原则,48,适应,47,通常,43,预防,42,调节,41,接触,39,采取,39,有利于,38,注重,36,损伤,34,维护,32,不必要,31,保暖,31,专家建议,30,高压,29,稍,29,过分,29,水温,29,切勿,28,尽量避免,28,负荷,27,出行,25,清洁,25,循环,23,应当,22,运势,22,适度,22,脚部,21,一般来说,20,足部,20,平常,20,冬季,20,胃肠,19,肠道,19,适宜,18,缓冲,18,严格,17,为宜,17,眼部,17,倒流,16,胃酸,16,损害,16,腹痛,15,头部,14,种,14,分散,14,燃油,14,不应,13,老化,13,过早,13,管道,13,轮胎,11,额外,10,会因,10,太低,9,排出,9,既有,7,短时间,7,长此以往,7,重力,7,背靠,7,气压,6,慢慢来,6,偏头痛,5,击破,4,身体状况,4
22,价格,493,增长,326,行业,314,成本,249,企业,202,国内,189,涨价,168,部分,162,需求,152,下降,145,利润,143,环保,139,均,94,上半年,90,产能,89,消费,83,下滑,79,加大,79,提升,72,上升,71,降价,71,月份,71,逐渐,69,普遍,68,水平,68,我国,65,同比,65,下半年,64,阶段,63,生产,63,增大,60,库存,58,能源,57,竞争,56,提价,51,相比,51,地区,48,经营,47,增速,46,医药,43,出口,43,规模,42,电力,42,价格上涨,40,发改委,36,受益,36,煤炭,36,多数,35,上调,33,态势,32,低价,32,局面,32,消费者,31,平稳,31,加快,31,过剩,29,取得,29,一轮,29,突出,28,收缩,28,龙头,27,价格战,26,平均,26,今年以来,26,增幅,25,经销商,24,形势,24,供给,22,已有,21,亏损,21,原料,21,成本上升,20,低于,20,传导,19,一季度,19,日益,18,近年来,18,显著,18,各方,17,cpi,17,大幅度,16,市场竞争,16,凸显,16,压缩,16,直至,16,三季度,15,暴涨,15,倒逼,15,短缺,14,新一轮,14,高企,14,竞争力,14,驱动,14,上游,13,结构调整,13,锂电池,13,势头,13,市场化,12,挤压,12,业内,12,高于,12,现金流,12,制造业,12,用电,12,近来,12,高峰期,12,跟进,12,转为,12,疲软,11,略有,11,日起,11,随之而来,11,下游,10,结构性,10,复苏,9,增量,9,竞争对手,9,回暖,9,积极性,8,呈现出,8,大军,8,阶段性,7,但会,7,国家统计局,7,抬高,6,维系,6,加码,6,买到,6,连日来,5,清仓,5,环比,5,中小企业,5,与日俱增,5,社科院,4,外流,3
23,女性,1193,男性,621,社会,362,健康,347,家庭,248,心理,221,发布,132,年龄,130,微刊,126,性,99,生育,90,现代,84,疾病,84,年轻,79,困扰,72,因素,71,职场,69,早泄,69,性生活,67,增大,55,生理,52,危害,47,双重,44,伴侣,42,双方,41,女性朋友,35,遭受,34,男方,30,身体健康,29,忽视,29,发病率,27,肾虚,27,女方,27,白领,26,近年来,25,喷剂,23,精子,20,观念,19,家务,19,调理,19,不仅仅,19,警惕,19,乳腺癌,18,心理健康,18,关爱,18,现代人,17,人际关系,16,在生活中,15,日常生活,14,亚健康,14,身心健康,14,痔疮,13,势必,13,不孕,12,蔓延,12,快节奏,11,社交,10,更高,9,减退,9,高于,9,调适,8,白发,8,机能,8,琐事,8,与日俱增,8,日后,8,催生,7,兼顾,7,顾虑,7,多岁,6,肩负着,6,随之而来,6,患有,6,身体状况,6,举步维艰,5,发火,5,杂事,5,多为,5,顶梁柱,3,社会舆论,3
24,生命,518,帮助,260,接受,192,力量,189,祂,183,愿意,178,不再,149,黑暗,134,死亡,134,心灵,132,耶稣,123,心中,117,便,115,面前,112,信心,105,身上,103,智慧,97,令人,92,忧虑,89,充满,89,祷告,87,苦难,86,忍耐,86,害怕,79,思想,78,灵魂,77,寻找,76,安慰,75,来到,64,恐惧,61,攻击,60,不可,56,艰难,56,创造,51,之中,51,依靠,50,平静,49,儿女,48,行动,45,忧愁,44,安排,42,脆弱,41,绝望,40,渴望,39,双手,37,背负,37,道路,37,背上,37,意念,36,喜悦,36,包袱,35,成就,35,意志,33,考验,33,内在,33,周围,32,担,32,脱离,30,挣扎,28,逼迫,27,脸上,27,无尽,27,应当,26,寻求,26,试探,26,反思,26,叹息,25,心底,25,沮丧,24,一丝,24,变为,24,事物,24,转变,23,得以,23,劳苦,22,赋予,22,极其,21,秘密,20,度过,20,最深处,20,剥开,20,无助,20,威胁,19,封闭,19,阻碍,18,障碍,18,肉身,18,离世,18,灾难,18,念头,17,至极,17,诸多,17,从来不,17,身处,17,安息,16,试图,16,冲破,16,恐怕,16,无人,16,遭受,16,解除,16,处境,16,惧怕,15,高高在上,15,使人,15,世俗,14,所说,14,脚下,14,靠着,14,之道,14,困苦,13,卸,13,审判,13,益处,12,显现,12,创造力,12,虚荣,12,直至,12,怀着,11,空洞,11,情形,11,茫然,11,饥饿,11,在生活中,10,周遭,10,阴郁,9,肩头,9,疲乏,9,难堪,9,何来,8,有力,8,弯曲,8,侵蚀,8,抚慰,7,化为,7,苦痛,7,无可奈何,7,总要,7,喘息,7,慰藉,6,不信,6,活出,6,这段,5,蕴含,5,内心世界,4,迫切,4,满心,4,外流,2
25,肌肤,1730,皮肤,983,使用,454,产品,265,效果,221,防晒,213,吸收,208,精华,208,舒缓,200,保湿,187,护肤,183,清爽,162,成分,162,干燥,162,护肤品,159,保养,155,滋润,149,质地,144,毛孔,141,有效,140,清洁,139,温和,138,敏感,133,卸妆,130,改善,130,修复,124,补水,121,黑眼圈,118,一款,111,油腻,109,按摩,108,功效,106,熬夜,104,护理,99,眼霜,98,面部,95,刺激,92,眼部,91,肌,89,细纹,87,活力,86,头皮,86,水分,84,紫外线,79,面霜,79,痘痘,77,脸上,76,洗脸,76,水润,75,修护,66,光泽,66,令,66,脸部,65,含有,64,营养,62,乳液,60,感,60,精油,58,呵护,55,暗沉,55,精华液,54,滋养,52,胶原蛋白,51,防护,51,皱纹,50,弹性,49,防止,49,缺水,46,spa,45,轻盈,43,厚重,42,蕴含,41,老化,40,这款,40,气色,39,眼周,38,明亮,36,保养品,36,松弛,35,细胞,35,去角质,35,高效,34,富含,34,面膜,34,油脂,33,损伤,32,痘,31,污染,30,按压,30,抗氧化,30,成份,28,轻轻,26,一层,25,衰老,24,柔软,24,紧绷,23,bb,22,霜,22,对抗,22,抵御,22,紧致,21,黯沉,21,调理,20,色斑,20,环境污染,20,浮肿,19,唤醒,19,首选,18,由内而外,18,持久,18,双眸,17,侵害,17,流失,17,抗衰老,16,疲倦,16,长痘痘,16,卸,16,日益,15,养分,15,轻柔,14,黑色素,14,晚睡,14,含水量,13,脸色,13,三重,12,cc,12,氨基酸,11,密集,11,安抚,10,颈部,10,哪种,10,均衡,10,再生,9,长斑,9,做起,9,色素,8,舒解,8,爱护,8,变差,7,减低,7,年末,7,有害,7,激活,7,倦怠,7,机能,7,困乏,6,暗淡,6,安睡,5,️,5,自由基,5,纾解,5,迫在眉睫,4,攻势,4,试过,3
26,完成,557,目标,496,计划,280,任务,253,每天,228,实现,192,坚持,182,动力,165,学习,155,拒绝,139,不断,128,达到,107,理想,89,一个月,88,承诺,73,精力,71,衰老,70,危险,66,代理,54,明确,53,团队,51,行动,50,目的,44,囤货,44,实际,39,业绩,38,社工,37,尝试,37,难度,35,很少,33,顶住,31,交给,30,期望,29,重复,29,上来,28,急于,27,助力,27,集体,26,前进,23,相反,23,坦言,23,肩负,23,冲刺,22,规划,21,抗击,21,不论是,20,患,19,分担,19,当成,19,老年痴呆症,19,理念,18,顺利完成,17,大笑,16,克服,14,潜力,13,十月,13,不出,13,责任感,12,确立,12,谈到,11,注意力,11,成效,11,出色,10,可想而知,10,坏习惯,9,坚持下去,9,静下心来,9,学着,7,重任,6,躯体,6,而来,6,没到,4,没得,4,备感,4,累得,4,双十,3,力所能及,2,加压,2
27,理解,409,微笑,378,面对,292,坚强,257,心里,193,安慰,177,内心,168,真正,158,愿意,155,鼓励,147,关心,140,脆弱,139,感受,137,学会,135,不敢,123,感情,121,有时候,108,害怕,102,表达,100,不愿,94,一面,94,难过,91,哭泣,90,背后,89,更加,87,照顾,83,家人,79,拒绝,77,面前,75,我会,75,给予,69,想法,64,抱怨,63,在乎,60,保护,60,心事,60,自信,59,足够,59,泪水,59,独自,56,独立,55,亲人,54,不必,53,无人,53,依靠,53,伪装,53,体谅,52,勇气,50,只会,48,伤痛,47,偶尔,46,分担,43,不易,43,关怀,42,肩膀,41,倾听,38,发泄,37,任何人,37,无助,37,没人,37,无所谓,36,脸上,34,不在乎,33,呵护,32,懦弱,30,只想,30,逃避,29,憔悴,28,发自内心,28,过后,27,相处,27,带给,27,善待,27,发脾气,26,苦衷,26,宣泄,26,依赖,25,回应,22,风雨,21,温和,21,迎接,21,自责,20,目光,19,期盼,19,不仅仅,19,家里人,18,多余,18,愧疚,17,一味,17,心底,17,失落,17,隐忍,17,强颜欢笑,16,苦楚,16,不甘,16,轻轻,16,敢于,16,发火,15,诉苦,14,喜悦,14,感知,14,扛不住,14,港湾,13,成年人,12,掩饰,12,牵挂,12,无用,12,再累,12,爱护,11,格外,11,释放出来,11,低头,11,心痛,11,放在心里,11,说不出来,11,说不出,10,路途,10,不忍,10,太多人,9,痛哭,9,安抚,8,憋屈,8,关切,8,太少,8,免疫系统,8,学着,7,憋,7,吉安,7,不管怎样,6,别太,6,完好,6,不怎么,6,驱散,5,虚荣,5,一秒钟,4,郑州,4,胃病,3,是是非非,2
28,吨,515,库存,425,价格,390,元,342,万吨,307,预期,253,需求,220,预计,214,原油,201,减少,201,产量,185,下降,170,油价,166,供应,164,国内,158,仅供参考,142,月份,114,万桶,110,高位,106,出口,106,维持,99,沙特,95,上周,93,小幅,91,当前,89,焦炭,83,橡胶,78,期货,78,钢厂,76,生产,76,铁矿石,75,大幅,72,有所,71,基本面,70,伊朗,69,涨,68,减产,67,后期,65,环保,64,消费,63,铜,62,跌,62,下游,61,下调,60,回升,55,跌幅,55,石油,54,螺纹钢,52,供给,51,持仓,48,增产,48,下滑,48,成交,47,上调,45,担忧,43,产能,43,新高,43,扩大,43,百分点,42,有色,41,夜盘,40,限制,40,港口,38,短期内,38,创,38,山东,37,铜价,37,数量,36,原料,36,抑制,35,回暖,35,同比,34,提振,34,钢价,34,小结,34,放缓,33,强劲,33,外盘,33,环比,33,收涨,32,螺纹,31,煤炭,31,观望,31,不及,31,背景,31,有色金属,29,下半年,29,拖累,28,减弱,28,最低,28,原油价格,28,承压,28,收于,27,宏观,27,轮胎,27,镍,27,缩小,27,欧佩克,26,不减,25,略有,25,疲弱,23,节后,23,增量,22,偏弱,22,前值,22,较强,21,涨势,21,价格上涨,21,显现,21,焦煤,21,增,20,幅度,20,增幅,20,储备,20,豆粕,20,削减,19,隔夜,19,阶段性,19,前景,19,报收,19,新低,18,过剩,18,贸易战,18,势头,18,仍存,17,低于,17,铁矿,17,意愿,17,沥青,17,抵消,16,走低,16,不佳,16,走弱,16,重回,16,利多,15,偏强,14,好转,14,均价,14,累积,14,缓和,13,看涨,12,中长期,12,收跌,12,大增,12,仍大,11,攀升,11,之势,11,一季度,11,节前,11,凸显,11,高企,11,拉动,11,疲软,11,上扬,11,惯性,10,本轮,10,上游,10,逼近,10,四季度,9,转弱,9,豆油,8,究其原因,8,筑底,8,月末,8,看少动,7,较弱,7,偏空,7,趋于,7,变差,7,买盘,6,重挫,6,十月,6,短缺,6,跌势,6,不容忽视,5,压榨,5,触底,5,线图,5,振荡,5,受制于,5,面上,5,菜粕,4,燃油,4,高开低走,4,看跌,4,伦铜,2
29,今日,750,反弹,573,创业板,420,昨日,336,分钟,306,附近,285,线,240,回落,238,午后,205,指标,179,指,178,均线,163,k,158,主板,157,明日,156,区,155,预计,153,亿,149,回,137,提醒,127,沪,115,踩,114,说明,109,均,101,力度,99,依旧,98,高位,96,修复,90,概率,87,上攻,84,点位,84,量,79,放量,79,缺口,77,流出,69,缩量,68,开盘,66,下探,64,年线,60,有望,60,背离,59,冲高,59,遇阻,55,阴线,53,形态,50,级别,50,低位,49,迹象,48,无量,48,日均,47,收盘,45,低开,44,券商,42,流入,42,高开,42,尾盘,41,通道,40,金叉,40,跟随,38,午前,38,几日,36,翻红,31,攀升,30,抛压,30,站上,30,同比,29,补缺,28,口,28,分时,25,缩短,22,综上,22,死叉,22,kdj,22,转好,21,早评,20,半年线,20,回补,20,恐慌,19,次,19,中阳,19,二次,19,兑现,18,不大,18,线图,17,净流入,17,偏多,17,偏空,17,歌,16,如期,16,护盘,15,个点,15,前高,15,创指,14,动能,14,顶背离,14,抵抗,14,雄安,14,很强,13,试探,13,周,13,多重,13,下影线,12,跟踪,12,封板,12,大阳线,11,上影线,11,收出,11,助力,10,制约,10,两日,10,多日,10,长阳,10,不动,9,转强,9,失守,9,补涨,9,止跌企稳,8,强弱,8,窄幅,8,攻势,7,先看,7,中小板,7,符合,7,抛盘,7,带量,7,较弱,6,迟迟,6,午盘,6,本应,5,收阴,5,转弱,5,没到,4,翻绿,3,强压,3,前几日,3,四大行,2
30,交通,598,缓解,489,城市,285,道路,258,路,257,出行,218,往往,209,车辆,169,记者,100,施工,98,期间,92,拥堵,81,山东,78,春运,78,通行,77,建设,76,区域,76,大道,74,丧失,72,打击,68,遥远,67,高峰,62,路段,61,自信,61,坎坷,57,外,57,郁闷,54,提醒,52,最使,50,挫折,49,方案,49,环卫工人,48,集中,47,区,46,不幸,46,规划,44,前途,43,客流,43,采取,42,限制,40,通道,40,封闭,40,分流,38,增大,38,道路交通,34,启动,33,人口,31,交通拥堵,31,迎来,31,到来,31,拥挤,30,公共交通,30,无疑,30,临时,29,大城市,29,处,29,地区,28,疏解,28,居民,28,颓废,27,via,27,旅途,26,实行,25,措施,24,高峰期,24,用电,23,增多,23,管道,22,身影,22,主干道,21,现状,20,确保,20,临近,20,首选,18,密集,18,疏导,18,以此,17,难题,17,剧增,16,居住,16,清明,15,文化路,14,坐车,14,尚未,14,工作日,14,承载,14,治理,14,大增,14,办公,13,骤增,13,地面,13,坚守,13,分散,12,途径,12,全天,12,局部,11,减缓,11,基础设施,11,多重,11,一处,10,人多,10,七成,10,陡增,9,这条,8,庞大,8,走上,7,加班加点,7,不顾,7,势在必行,7,大大,7,沥青,6,真大,6,停歇,5,黄金周,5,环境污染,5,不免,5,连日来,3,可减轻,3,北路,2
31,思念,236,心里,227,心中,213,曾经,198,寂寞,172,看着,154,灵魂,145,一片,140,似乎,133,便,132,慢慢,123,不再,106,早已,105,身影,101,一份,100,不知,97,脚步,93,眼前,89,依旧,88,如今,87,始终,87,带,87,渐渐,85,留下,85,无奈,84,总有,84,宁静,81,此刻,77,牵挂,75,心底,73,轻轻,71,夜晚,68,泪水,68,坐在,68,微笑,67,却是,60,那份,60,期盼,59,激情,59,脸上,58,思绪,55,渴望,55,独自,54,一丝,54,甜蜜,54,平静,53,遥远,52,目光,52,像是,51,旅途,49,那一刻,49,喧嚣,49,静静地,48,苦涩,46,时常,46,话题,45,当下,44,冰冷,44,路途,44,寒冷,41,心头,41,满身,40,深情,40,双眼,39,有着,39,总会,38,艰难,38,徘徊,38,这份,37,心事,37,一层,37,想着,37,无人,37,有种,36,手中,35,前行,35,脚下,35,踏上,35,明亮,34,来临,34,紧紧,33,我愿,33,轻盈,33,低头,32,静静的,32,心痛,31,沧桑,31,挥之不去,31,喜悦,31,化作,31,叹息,30,身躯,29,便是,29,哭泣,29,无尽,29,只想,29,犹如,28,厚重,28,双手,28,倾听,28,些许,28,看似,28,疲倦,27,格外,27,莫名,27,忧郁,27,留给,26,卸下,26,只为,25,孤寂,25,大多,25,伴随,24,肩膀,24,靠着,24,向前,24,艰辛,23,麻木,23,不住,23,土地,23,释然,23,阴霾,23,一股,22,唤醒,22,港湾,22,悲凉,22,纱摄,22,便会,21,苍茫,21,明媚,21,心境,21,堆积,20,不堪,20,倾诉,20,燃烧,20,繁琐,20,拥挤,17,无助,17,无处,17,彷徨,17,重重的,17,躯壳,17,空洞,16,拂去,16,一路上,16,背着,16,不舍,16,不经意,16,步伐,16,许久,16,匆忙,15,单调,15,走到,15,煎熬,15,至极,15,抉择,15,慰藉,14,凋零,14,行囊,14,花开,14,负荷,14,隐忍,14,一天天,14,双眸,14,冬季,14,单薄,13,之际,13,暗淡,13,舒展,13,静坐,13,汹涌,13,低沉,13,多想,13,安睡,12,实则,12,蔓延,12,赋予,12,踏实,12,关怀,12,放不开,12,本应,12,不出,12,满心,12,而来,12,之时,12,沉沉的,11,憔悴,11,最为,11,延伸,11,心身,11,光亮,11,清明,11,某种,11,不忍,11,无怨无悔,10,日渐,10,放飞,10,烟消云散,10,直至,10,身负,9,日复一日,9,滋养,9,失恋,9,真爱,9,内心深处,9,抚慰,9,嘈杂,8,惊醒,8,轻柔,8,笼罩,8,已久,8,痛楚,8,惯性,7,升温,7,大酒店,7,琐事,7,殊不知,7,轻飘飘,7,但会,7,步履,7,搁置,6,厚厚的,6,忙忙碌碌,6,阴暗,5,喘息,5,腐朽,5,恬淡,5,说不出,5,驱散,4,太多太多,4,经不起,4,积聚,4,臃肿,3,倒不如,3,前路,3,烦扰,3
32,可能,1578,已经,545,这种,445,不会,383,出现,287,认为,273,情况,261,改变,209,存在,177,发生,171,判断,153,非常,152,仍然,151,最终,148,变化,143,持续,124,阶段,122,决定,111,意味着,110,说明,105,完全,91,考虑,90,进入,81,做出,81,来看,79,还会,75,暂时,73,属于,72,事实,69,可能性,68,是因为,66,整个,63,分析,63,再次,63,超过,56,概率,54,表明,54,大多数,53,必然,52,爆发,51,事实上,51,状况,48,有所,47,是从,47,之中,46,通常,45,几乎,44,显然,44,大量,43,一段时间,43,不可,41,实际上,40,足够,40,并非,40,多次,39,观察,39,错误,38,频繁,37,迅速,37,更大,37,只不过,37,缓慢,36,只会,36,客观,36,消耗,35,引发,34,过后,33,排除,33,大部分,33,有限,32,惩罚,32,抽烟,30,所致,30,层面,30,信号,29,警惕,28,倾向,27,陷入,26,延长,26,决策,26,如果说,25,范围,25,也就是说,25,加速,25,轻易,24,适应,23,超出,22,有利,22,恐怕,21,不可避免,20,来临,20,某种,20,最为,19,无需,18,绝不,18,一部分,17,在所难免,17,否定,17,直至,17,极端,16,临界点,16,理论,16,缩小,16,不满,16,大于,15,大幅度,14,基本上,14,这会,14,短时间,13,脸色,13,预判,13,充当,12,重回,12,接连,12,第一种,11,势在必行,11,势必,11,断裂,11,压垮,10,激活,10,临时,10,潜在,10,更易,9,难以想象,9,前提,9,徘徊,9,随之,9,可想而知,9,以此,9,作出,8,夸大,8,而来,8,许久,7,情形,6,没能,5,节制,5,走到,5,随之而来,5,侵蚀,5,早间,5,全无,5,不应,4,进程,4,身体状况,3,狭小,3,叫停,2,失业率,2,wti,1,考得,1
33,心灵,401,释放,225,属于,199,身心,199,喘,176,有时候,165,享受,149,想要,137,精神,129,拥有,126,气来,123,内心,121,解脱,105,宁静,103,之间,96,执着,93,灵魂,91,济南,85,压,84,浮躁,81,寻找,79,寂寞,79,却是,74,气,74,心境,73,压得,71,苏州,66,逃离,62,英雄,56,梦想,55,一份,54,欲望,52,卸下,51,平静,49,大自然,49,空气,48,滨州,47,喧嚣,46,抚慰,45,舒适,45,解放,43,式,43,远离,42,店,42,总有,41,无需,40,一味,38,抛开,36,折磨,35,无形,34,一片,33,承诺,32,大酒店,31,道德,31,放纵,26,束缚,25,眼前,25,幸福,24,一百分,24,花园,24,公交站,24,伪装,24,港湾,23,犹如,23,适时,22,枷锁,22,夜晚,22,重重,21,愈,20,承载,19,路店,19,繁重,19,透不过气,18,一饭,18,肌肤之亲,18,一蔬,18,刚看,17,共性,17,休憩,17,吸引,17,完,17,长久,17,静下心来,17,舒心,16,字眼,16,无知,16,慰藉,16,平和,16,停歇,16,扑面而来,16,繁忙,16,爱之于,16,一处,16,无觉,16,捆绑,15,痛楚,15,快节奏,14,糟糕,14,境遇,14,贫困,14,烟消云散,13,宿迁,13,奉承,13,轻快,13,星座,13,余,13,焦躁,12,心情舒畅,12,朝阳,12,spa,12,试着,11,随州,11,不顺,11,厄运,11,九江,11,枣庄,10,抚州,10,已久,10,街区,9,只为,9,大道,9,不免,9,郑州,9,孤寂,8,蚌埠,8,驾驭,7,水泥,7,困难重重,7,越重,7,随心所欲,6,陶冶情操,6,鞍山,6,玉溪,6,吉安,6,淮南,6,嘈杂,5,心身,5,腐朽,5,眉山,5,痛哭,4,真大,3
34,孩子,6094,父母,1320,家长,728,学习,498,教育,473,家庭,241,成长,150,培养,134,子女,101,成绩,72,鼓励,68,爸妈,63,养育,63,期望,58,关爱,51,成年人,45,爸爸妈妈,45,沟通,44,发育,42,引导,30,呵护,27,青春期,25,氛围,24,抚养,24,学业,23,日后,23,哭闹,22,过早,20,自信心,18,无形中,17,天性,17,攀比,17,剥夺,16,操心,16,不利于,15,独生子女,14,身心健康,12,过重,11,唤醒,11,户外活动,11,谈到,10,升学,10,同伴,10,灌输,10,积极性,10,认知,10,功利,9,家务,9,生二胎,9,课业,8,患儿,8,新学期,8,唠叨,8,一年级,7,构建,7,责任感,7,厌烦,6,轻松愉快,6,究其原因,6,充当,5,心理素质,4,期末考试,3
35,不会,797,希望,579,现在,560,也许,434,真的,416,不想,337,或许,270,我会,204,是因为,199,不用,193,担心,182,在乎,147,不再,140,太大,121,从来,119,关心,112,难过,111,是不是,103,带,103,家里,93,太多,86,更好,83,爸妈,64,任性,61,足够,61,满身,60,想法,57,不在乎,56,总会,54,放手,51,毕竟,51,还好,49,我能,48,不愿,46,不必,46,太久,44,无所谓,44,走出,44,太过,42,想着,42,解脱,40,没什么,36,任何人,33,算了,33,勉强,32,偶尔,32,不该,31,从来不,25,忽然,25,太重,24,要来,24,不管怎样,23,没人,23,计较,23,体谅,20,眼泪,19,顾虑,19,掉,19,默默,18,影子,18,当做,16,有太多,16,我想,15,太高,14,那一刻,14,糖,13,颗,13,总要,13,口气,12,惩罚,12,做些,10,脑子里,10,太有,10,真不知道,9,呼吸困难,7,没想,7,不开,7,不忍,6,站立,6,说话,6,向来,6,人能,6,不出,5,花开,5,多累,3,阴沉沉,1
36,大盘,579,附近,444,昨天,392,应该,361,强,359,点,178,左右,169,新浪,126,长微博,124,后期,103,股市,99,平静,97,文字版,96,小幅,90,眼睛,90,不足,83,小时,78,说明,76,上攻,74,外围,73,放量,70,加上,66,力,66,今天,63,一个月,57,高开,54,平开,48,概率,47,消息面,46,拉升,44,回,42,低开,41,膨胀,39,盘整,38,缺口,37,大跌,37,最后,36,偏向,33,微跌,33,微涨,33,启动,32,谨慎,32,券商,31,抽时,30,回补,28,利好,28,利空,26,下探,26,工具,24,这点,24,美股,23,地产,23,枕头,22,一长,21,供血,21,发布,18,极限,18,兑现,16,收跌,13,领头羊,11,触发,10,不利于,10,持股,9,本轮,9,点到,8,节前,8,管理层,7,积聚,7,地产股,6,理论,6,中阳,5,三季度,5,走平,5,字头,5,这波,5,空方,4,位看,4,完好,3
37,经济,1168,中国,977,发展,949,企业,306,增长,303,改革,274,环境,247,下行,200,政策,197,实现,158,资源,146,投资,144,加大,142,消费,142,建设,140,推动,137,我国,135,人口,127,当前,116,推进,114,就业,114,产业,113,金融,107,加快,105,稳定,103,国内,100,规划,88,李克强,87,实体,81,平衡,79,促进,74,转型,69,力度,69,中央,67,加强,65,战略,64,矛盾,63,强调,62,制造,61,污染,60,优势,60,资本,57,出口,56,制造业,56,国务院,53,时期,51,实施,51,治理,50,环保,49,措施,49,提出,49,稳,47,扩大,46,全面,46,占,44,发挥,43,会议,42,体系,40,增速,39,有利于,38,地区,37,活力,37,形势,37,取得,36,障碍,35,严峻,34,能源,33,强化,33,财政,32,农业,32,供给,31,复苏,31,转变,30,基础设施,29,扩张,29,制约,28,几十年,28,态势,28,改革开放,28,宏观经济,27,外部,27,三大,27,发达国家,26,国企,26,市场化,25,摩擦,25,两大,25,完善,24,确保,24,贸易,23,转化,23,体制,23,削弱,23,步伐,23,内需,23,增量,22,竞争力,22,恶化,22,拉动,21,构建,21,激励,21,货币政策,21,新一轮,21,下半年,21,进程,21,渠道,21,调研,20,平稳,20,被动,20,流动,20,失业,20,激发,20,杠杆,19,庞大,19,财政收入,19,计划生育,19,层面,18,国企改革,18,外资,18,瓶颈,17,宏观,17,并存,16,显现,16,转向,16,经济运行,15,契机,15,中国政府,15,港口,15,维稳,15,出路,15,结构性,15,发改委,14,约束,14,尚未,14,举措,14,多方,13,失衡,13,调控,13,企业家,13,博弈,12,财政政策,12,倾斜,12,基建,12,结构调整,12,依托,11,日益,11,内外,11,可控,11,对外,11,助力,10,共识,10,趋于,10,积极性,9,确立,9,迫在眉睫,9,之道,9,稳定性,8,物价上涨,8,势在必行,8,不减,8,外部环境,7,逆势,7,兼顾,7,上游,7,重任,6,金融危机,5,略微,5,承受能力,5
38,身体,359,回到,344,一天,322,拖,296,看着,246,床上,225,突然,188,起来,177,带,176,一身,169,回家,137,不知,134,无比,123,结束,122,家,118,几天,109,躺,107,此刻,106,身躯,103,下来,99,折腾,89,难受,89,辛苦,85,醒来,74,脑袋,70,想着,64,一夜,64,入睡,63,兴奋,54,身子,52,莫名,52,顿时,50,太重,46,极其,45,还好,44,偶尔,42,浑身,40,来回,38,心痛,38,脸色,37,做梦,35,重复,33,第二天,33,换来,32,开来,31,不停,30,全身,30,甜蜜,29,坐在,28,回报,27,像是,26,乐趣,26,每晚,26,自已,25,茫然,24,重于,24,匆忙,23,肩膀,23,背着,23,夜晚,22,一口气,22,只不过,22,那一刻,21,力气,21,一路上,20,透支,20,困倦,20,许久,19,多日,18,步子,17,一扫而空,17,吃点,16,很重,15,真不知道,15,思绪,14,全无,14,满身,13,一晚,13,总想,13,洗,13,随风,12,骤然,12,地说,12,卸,11,多想,11,愧疚,11,双腿,11,操劳,10,很久,10,不顾,10,突如其来,9,精神恍惚,9,五天,9,真累,9,没过,8,白发,8,吃不消,8,坐车,7,到极点,6,读完,6,外边,6,看球,6,越来越重,6,一说,5,沉沉的,5,困顿,5,低沉,5,斗志,5,几日,5,温热,5,焦头烂额,3,补觉,3
39,越,1302,少,674,简单,590,快乐,471,复杂,242,越大,230,拥有,217,轻松,188,计较,169,自然,157,宽容,107,失去,102,是因为,99,放不下,74,心,57,多一些,52,面前,46,事物,43,越高,40,犹如,38,舒心,36,郁闷,35,就行,34,过多,34,从容,33,便是,33,承诺,31,口袋,30,心爱,29,越会,28,漏斗,27,事业成功,26,有太多,26,心易,25,少些,25,多点,23,向前,23,清闲,23,愉悦,22,过不去,22,越重,21,人情,19,根源,19,权力,18,手中,17,一分,16,勾心斗角,16,轻轻松松,15,图片,14,转动,14,举步维艰,13,增,13,明媚,12,越大越,12,发自内心,12,附加,11,苦恼,11,这条,11,才行,10,街区,9,学着,9,相对来说,9,贪婪,8,就会,8,琐事,8,无穷的,8,步履,8,之道,8,顾虑,7,削减,6,何不,6,开开心心,5,抚州,5,纾解,4,倒不如,4,驱散,3
40,大盘,1117,反弹,984,日线,494,调整,484,创业板,460,点,413,位,381,指数,372,昨天,326,走势,325,技术,323,短线,320,行情,281,个股,260,支撑位,206,回,203,踩,170,抽,148,还会,137,本周,132,档,129,盘中,121,可能性,119,放量,119,反,119,向上,119,拉升,117,上证指数,117,周期,117,级别,108,周线,107,股指,104,上证,102,缺口,100,跌破,97,第一,96,高点,95,结构,94,主力,92,下周,86,周五,85,收盘,85,区域,85,上周,81,接下来,81,再度,79,仓位,78,大跌,77,低点,77,周三,76,杀跌,76,主板,76,年线,75,力度,75,有望,74,周四,74,周一,73,半年线,72,企稳,71,延续,69,上周五,66,点位,66,探底,65,尾盘,62,追涨,61,向下,59,周二,58,sh,55,阳线,54,第二,53,洗盘,51,加仓,50,早评,50,大涨,47,横盘,43,争夺,43,进场,42,箱体,42,失守,42,生命线,41,站上,41,站稳,41,分时,37,蓄势,37,追高,36,预测,36,稳健,34,盘,34,阴线,34,跳水,32,中线,31,金叉,31,面,30,窗口,29,暴跌,29,牛,27,得失,27,下探,27,变盘,27,熊线,27,筹码,27,中期,27,介入,27,砸,25,再创新高,24,遇阻,24,超跌,24,稳住,23,收复,23,一带,23,背离,23,持股,23,抄底,22,大盘走势,22,看空,22,波段,21,空仓,21,回补,20,跳空,20,这波,20,顶背离,20,看多,19,卖出,19,重仓,19,节前,18,月线,18,休整,17,筑底,17,死叉,17,拉高,17,确立,17,时机,16,macd,16,中阳,16,动能,16,反攻,15,预判,15,周初,15,最低点,15,建仓,15,击破,14,打到,14,散户,14,股友,14,强势股,13,位是,13,带量,13,无量,13,顶部,13,看少动,13,急跌,13,转强,12,长阳,12,谨防,11,套牢,11,补仓,11,短,10,点到,10,轻仓,10,大阳线,9,收阴,9,入市,9,看盘,9,沪市,9,转弱,8,不多,8,被套,8,如期,8,清仓,8,择机,8,收阳,7,收出,7,完好,7,受制于,7,强压,5,技术性,5,第一种,4,抢反弹,4,转好,4,整固,4
41,中国,3149,美国,2338,国家,397,特朗普,298,国内,151,称,131,欧盟,116,关税,109,西方,107,贸易,102,伊朗,99,中方,98,政治,81,战略,79,利益,74,双方,73,贸易战,66,出口,62,迫于,62,石油,61,采取,58,地区,57,对抗,53,指出,53,中国政府,47,此前,44,白宫,44,施压,42,施加,40,威胁,40,承诺,38,展开,37,呼吁,37,美国政府,36,制造,35,这一,34,此举,31,极大,30,显然,30,民众,30,一部分,29,试图,28,对此,28,让步,27,迫使,27,表态,26,屈服,26,总统,26,作出,25,手段,25,攻击,24,冲突,24,舆论,22,反击,21,外部,20,最多,19,被迫,18,举措,18,形势,17,主导,16,储备,16,不久,16,民意,16,负面影响,14,屈服于,13,外汇,12,高峰,12,对外,12,走上,11,牵制,11,共识,11,削弱,11,履行,10,事务,10,摩擦,10,征收,9,增值税,8,港口,8,空前,8,有何,7,与日俱增,7,愈发,6,关切,6,转起,6,趋于,6,不得已,5,难以承受,4,焦头烂额,4,非议,3,苦不堪言,3
42,觉得,625,很多,502,之后,308,后来,256,事情,244,两个,230,是不是,209,非常,205,关系,194,最近,186,发生,162,突然,148,曾经,147,岁,118,经历,110,本来,105,是因为,102,话题,100,打击,82,不敢,81,身上,80,似乎,76,自杀,61,事件,60,很难,59,几年,57,意识,50,不满,48,十分,47,段时间,46,看似,45,质疑,43,一度,42,不堪,42,两年,41,从来,40,有着,40,坐在,39,原本,38,渐渐,37,摧毁,34,种种,34,非要,33,一时,29,频繁,28,有过,28,大多,28,事实上,27,不及,27,回应,23,陷入,23,一个多月,23,实则,22,没见,22,临时,21,身为,21,外界,21,格外,20,密集,20,痛哭,20,谈到,19,一下子,19,算了,19,更难,19,所说,18,顿时,18,几次,18,这会,18,谈话,17,大都,16,极其,16,走上,15,也就是说,15,理所当然,15,太不容易,14,失业,14,前景,13,没人,13,坦言,13,最难,12,脸色,10,老家,10,自责,10,斗志,10,无所事事,10,年前,10,字眼,9,更重,9,仍会,8,疏导,8,这事,8,跳楼,8,无望,8,强压,6,释然,6,最爱,6,太少,6,随之而来,6,轻飘飘,5,没想,4,事业成功,3,怨气,3,谈不上,3,这有,2
43,人生,1501,快乐,417,放下,407,生命,365,智慧,364,烦恼,356,学会,286,心态,258,痛苦,224,失去,192,心灵,176,心中,171,拥有,152,当中,148,放不下,138,不起,137,放得,132,无所谓,109,拿得起,102,生存,96,执着,87,追求,87,微笑,84,解脱,79,无谓,78,从容,75,苦,72,前行,68,善待,67,名利,53,平和,52,坦然,51,得失,47,感悟,44,计较,44,勇气,44,宁静,41,真谛,40,财富,39,心境,39,苦短,38,苦涩,37,忧愁,37,宽容,37,释然,36,苦难,36,包袱,35,在乎,34,短暂,34,过多,34,失落,32,活得,31,苦恼,30,化解,30,看开,30,庸庸碌碌,30,挫折,29,语录,29,一路,27,放手,27,失意,26,源于,25,难堪,25,难免,25,潇洒,22,得不到,22,忧郁,22,在生活中,21,苦闷,21,东西,21,恬淡,21,摧毁,21,轻装上阵,20,风雨,20,磨难,20,犹如,19,心累,18,满身,17,羁绊,17,想开,16,悲观,15,内心世界,15,杞人忧天,15,松绑,15,负累,14,诸多,14,人要,14,人生路,14,琐碎,14,何不,13,顺境,13,豁然开朗,13,经受,12,世俗,12,虚荣,12,却会,12,港湾,10,功利,10,苦痛,9,挤走,9,就会,9,无怨无悔,8,上饶,8,是是非非,8,苦不堪言,8,狭隘,8,纷扰,7,崭新,6,抉择,6,思虑,5,在所难免,5,困顿,5,暗淡,5,举步维艰,3,酣畅淋漓,3,甜酸苦辣,3,减去,3
44,现在,1294,已经,1209,过去,645,未来,356,成为,263,曾经,210,如今,192,只能,146,不少,126,似乎,121,进入,112,几年,97,毕竟,92,本来,81,几天,77,g,76,看来,74,两年,66,仍然,66,一个月,56,早已,55,四年,54,爆发,52,一部分,47,到来,39,不起,39,就让,39,消失,38,度过,37,将来,34,几次,32,发现自己,31,相当,31,不小,31,半年,30,没见,30,太久,27,我能,26,灾难,25,ipad,24,等于,24,犹豫,24,忍耐,22,恐怕,21,应付,21,一段时间,21,街区,20,麻木,20,上来,20,是从,19,现阶段,17,重重的,17,丝毫,16,已有,15,与生俱来,13,消解,13,变为,13,扛不住,13,被动,12,最为,12,这周,12,大嘛,12,受苦,11,支架,11,太差,11,永远,11,超大,11,床头,11,变小,11,舒坦,11,很小,11,瞬间,10,变身,10,开销,10,忧苦,10,可想而知,10,施压,9,一股,9,青年人,7,读完,7,没钱,6,bbc,6,到极点,5,动不动,5,大哭,2
45,心情,1038,放松,793,情绪,677,释放,628,缓解,381,紧张,338,发泄,272,身心,255,方式,224,减压,215,不好,156,舒缓,149,烦躁,100,适当,84,调节,81,倾诉,77,愉悦,72,郁闷,64,太久,58,排解,53,气氛,48,解压,46,爆发,45,负面,44,假日,39,得以,39,氛围,34,舒适,34,消除,34,坏,34,烦闷,31,积压,30,宣泄,29,不良情绪,29,高压,27,已久,27,心理医生,27,焦躁,24,摆脱,24,赶走,24,不爽,24,得不到,23,平日,22,大时,22,对付,22,深呼吸,21,极度,20,无处,20,安抚,20,苦闷,20,烦躁不安,20,缓和,18,沮丧,18,紧绷,18,倾听,18,低落,18,变好,16,堆积,15,解除,15,情绪低落,15,许久,15,过重,14,哭,14,真好,14,spa,14,渠道,13,琐事,13,大自然,13,舒解,12,不快,12,途径,12,难免会,12,都市人,11,节后,11,快来,11,烦心事,10,抛开,10,消极情绪,9,调适,9,发火,9,好转,8,远,8,心情舒畅,8,舒展,7,迷惘,7,气血,7,突破口,7,不顺心,7,豁然开朗,7,承受能力,6,多日,5,保持良好,5,顿感,5,怒火,5,放,4,无止境,3,之时,3
46,工作,1374,员工,680,公司,562,领导,442,公务员,218,企业,217,工资,206,职业,196,面试,164,同事,151,岗位,138,就业,128,单位,127,收入,122,辞职,103,管理,99,待遇,95,办公室,95,基层,74,指标,74,职场,73,任务,73,上司,68,部门,67,hr,65,研究生,63,加班,62,业绩,61,毕业生,61,培训,61,客户,58,业务,54,经理,54,竞争,53,学历,52,工人,52,裁员,48,负责,47,适应,45,内部,44,工作量,43,安排,43,上级,41,从事,39,考核,37,培养,34,激励,31,职工,31,两年,30,绩效,30,年终,29,打工,25,决策,25,薪水,24,大学生,23,执行,23,劳动,23,之大,21,国企,21,财务,20,事务,18,学位,16,前途,16,优质,16,每月,16,出差,15,关怀,15,逼迫,14,高压,14,高效,14,成正比,14,办公,14,出路,14,全靠,14,太低,13,繁重,13,临时,13,加班加点,13,积极性,12,倍增,12,生二胎,12,企业家,12,爆棚,11,物价,11,连云港,11,升职,10,斗志,10,更难,10,繁琐,10,管理层,9,工作日,9,期望值,8,松懈,8,撑起,7,竞争对手,7,对外,7,不公,6,纾解,6,假日,5,一族,5,金融危机,5,已成,5,十月,4,之时,4,顿感,4,多累,3,压死,3,北路,2
47,家庭,423,年轻人,391,房子,382,保险,303,收入,254,老人,237,养老,204,退休,200,农村,185,买房,168,城市,165,工资,158,老年人,148,子女,147,房租,119,房贷,108,保障,103,大学生,86,每月,80,租房,78,财富,77,农民工,76,住房,74,创业,73,赚钱,69,贷款,64,医疗,61,房价,60,穷人,58,理财,55,涨,54,每年,53,费用,52,大城市,52,打工,51,独生子女,50,不起,50,居住,47,消费,47,农民,47,金钱,46,学费,45,万元,45,体现,43,开支,42,大多数,41,规划,40,首付,38,损失,38,保险公司,38,支出,37,群体,37,财务,36,观念,34,养老院,34,开销,32,大多,32,老家,31,中产阶级,31,高房价,31,养老金,30,购房,30,平均,30,还款,30,将来,29,拼命,28,物价,27,养老保险,27,积累,27,基本上,26,中年人,24,存款,24,还贷,24,透支,24,一大,24,居民,23,高昂,22,延迟,22,劳动者,21,房奴,21,薪水,21,资产,21,公积金,21,阶层,20,大都,19,贫穷,19,失业,16,养家,16,无处不在,15,渠道,15,没钱,15,缴纳,14,日渐,14,护理,14,高额,14,补贴,13,增添,12,物价上涨,12,关怀,11,额外,10,已成,10,大军,10,通货膨胀,10,均衡,9,打拼,8,做起,8,女方,8,后顾之忧,8,迫切,8,几倍,8,越来越重,8,更高,7,社部,7,太多人,6,改革开放,6,身处,6,人口老龄化,6,高企,6,全,6,窘迫,6,大病,6,很重,5,医药费,5,一族,4,全家人,4,家里人,4,多岁,3
48,不能,906,承受,885,责任,300,承担,286,无法,271,只能,265,不了,255,身上,214,理解,141,痛苦,138,多大,114,重,109,肩上,104,背负,95,不起,70,扛,68,分担,68,刘翔,68,担子,65,太多,65,我能,58,轻,57,博文,56,有感而发,51,不该,47,重量,46,压垮,45,体会,41,负责,40,这份,40,任何人,39,投入,38,丢掉,37,压,36,平淡,35,从不,33,不可,33,扛着,28,太重,26,注定,26,一时,25,年纪,25,轻易,25,背负着,24,寄托,23,肩负,23,汹涌,22,承载,22,非要,22,落到,22,只不过,22,任何事物,21,力所能及,21,维护,21,没钱,21,本该,20,太深,20,很小,18,丝毫,18,现状,17,肩头,17,毅力,17,充当,17,越重,16,憋,15,扛起,14,蛮大,14,地去,14,背上,14,出路,14,学着,12,难以承受,12,身为,12,真爱,11,多点,11,多重,11,超负荷,10,掩饰,10,赋予,9,谈到,9,负重,9,最重,9,之处,9,重任,8,没想,8,断裂,8,一说,7,承受力,7,无可奈何,7,不论是,7,身处,7,爱护,6,屈服于,6,再生,6,厚厚的,6,坏习惯,6,受压,6,担起,4,这段,4,担不起,4,难以想象,3,玉溪,2
49,觉得,699,苦,496,路,396,变成,362,心里,247,总是,237,有时候,218,累,216,愿意,175,迷茫,161,难过,157,日子,149,受,146,突然,136,只能,130,想要,128,害怕,126,不了,92,逼,86,礼物,75,那种,74,过得,72,不知,71,忽然,56,照亮,56,在乎,51,周围,49,越发,48,表面,45,注定,41,最难,40,总会,40,拼命,39,脚下,37,很累,36,从不,34,从来,34,就让,33,倾诉,32,愧疚,31,泰戈尔,31,绝望,31,相处,28,唠叨,28,这条,27,窒息,27,发现自己,27,所受,27,熬过,23,但愿,22,挣扎,21,莫名,20,安稳,19,一步,18,真不知道,17,走上,17,恐慌,17,前路,16,总要,16,反倒,15,心好,14,扛着,14,只为,13,不知足,12,说不出,11,焦躁,11,低头,11,剥开,11,好重,10,一次次,10,担子,9,压死,9,惊醒,8,成正比,8,愈发,8,这段,7,最怕,6,茫然,6,备感,5,养家,5,筋疲力尽,5,大过,5,苦衷,5,撑不住,4,宴席,3
50,感觉,1266,真的,870,觉得,686,特别,569,心情,446,最近,370,有点,367,那种,321,不好,289,心里,253,是不是,210,突然,209,难受,202,有种,146,几天,102,莫名,81,没什么,68,还好,59,看来,54,一口气,50,气氛,49,醒来,45,十分,45,烦躁,42,一下子,40,几次,36,看得,36,太过,30,脸上,27,很久,27,憋屈,26,像是,23,阴暗,21,熔炉,21,不爽,20,近来,20,沉闷,20,透不过气,20,老是,20,丝毫,19,说不出来,17,脑袋,17,略微,17,火气,17,每晚,16,太深,16,憋闷,15,发火,15,烦闷,15,松,14,撑不住,12,轻快,12,阴沉,12,危机感,11,弄,11,闷,11,才行,11,瓶颈,10,舒心,10,动不动,10,承受不住,10,阴郁,9,慌,9,极点,9,越来越重,9,胸闷,9,睡,9,走到,8,放不开,8,低沉,8,太有,7,连日,6,不动,6,悲凉,5,前兆,5,呕吐,5,考完试,4,强颜欢笑,3,是是非非,3
51,一点,929,现在,630,不能,406,担心,241,有点,186,变成,152,下来,137,搞,135,不够,122,本来,122,不敢,119,借口,109,不让,100,似乎,88,后来,88,没什么,83,想着,81,不用,81,黑暗,80,太大,78,碰到,72,不住,60,稍微,59,两天,58,难受,58,前途,54,压,54,老是,47,年纪,45,一到,39,顶,38,任性,34,力气,34,要死,32,不确定性,30,折腾,30,真想,30,反倒,29,算了,29,将来,28,地说,28,不信,28,拙劣,28,浑身,27,很少,26,这辈子,22,操心,21,黯淡无光,19,描摹,19,成,19,不怎么,19,从来不,17,自责,17,弄,16,这点,15,慌,15,本该,13,非要,12,全家人,12,憋屈,11,考完,11,没得,10,超大,10,啰嗦,10,真,9,大得,9,心痛,9,如期,9,他妈的,9,挺大,9,知道,8,无形中,7,何不,7,事太多,6,不出,6,遇事,6,烦心,6,轻轻松松,6,顿觉,6,不下,5,当个,5,不管怎样,5,cc,5,轻飘飘,3,蚌埠,2,大过,1
52,累,1077,真的,920,不想,912,感觉,468,身心,300,好大,236,很累,196,有时候,191,休息,152,心累,100,辛苦,97,只想,85,消失,74,难过,72,好累,70,难受,65,大到,53,精力,46,无人,46,无力,44,段时间,39,厌倦,39,折腾,38,说话,38,好烦,36,无助,36,真想,36,安安静静,35,任何人,35,太累,34,憔悴,29,不停,29,连云港,28,扛不住,27,心烦,27,停下来,27,静静的,27,无所谓,26,说不出,26,累到,26,不让,25,动,22,力气,22,想过,22,不顺,20,头疼,17,累得,17,厌烦,17,症,16,要死,16,肩膀,16,开开心心,15,身心俱疲,14,我该,14,撒谎,14,大哭,13,体谅,12,有太多,12,真累,12,理,10,筋疲力尽,10,我累,10,太多太多,10,犯,10,不动,8,坚持下去,8,放个,7,休憩,7,满心,7,亚历山大,7,不顾,7,到极点,7,何去何从,7,养家,6,台州,5,知道,5,工作日,4,苦衷,4,这周,4,打交道,3,前兆,3,如影随形,3,之处,2
53,媒体,423,称,422,记者,335,事件,326,要求,244,迫于,236,自杀,215,近日,212,决定,185,发生,159,回应,132,死亡,127,政府,115,官员,107,舆论,106,质疑,101,多次,97,万元,91,赔偿,88,对此,88,领导,87,引发,86,提出,85,相关,84,公布,77,家属,76,威胁,71,遭遇,69,作出,66,背后,63,被迫,61,承诺,61,负责,59,做出,58,呼吁,57,主动,54,拒绝,52,不堪,51,损失,50,期间,50,民众,48,遭受,47,反映,47,顶不住,47,行动,46,此前,44,高层,39,跳楼,37,单位,36,这一,36,审判,35,规定,33,辞职,33,集体,32,事实,32,各方,31,表态,31,重视,30,自首,29,后续,28,未能,27,坦言,27,via,26,第二天,25,叫停,25,接连,24,山东,23,投案自首,22,不顾,21,bbc,20,逼迫,19,指责,19,安抚,19,多方,19,强制,18,一时,18,履行,17,运作,17,法官,17,不久,17,一方,16,内外,16,暗示,15,渠道,15,强迫,15,称为,15,女方,15,介入,15,侵害,14,男方,14,夸大,14,这事,13,社会舆论,13,施压,13,高危,13,可谓,12,办公,12,此举,12,对外,12,尚未,12,跟踪,11,近来,11,缓和,10,踏上,10,首选,10,抗争,10,维稳,10,一处,9,深感,9,迟迟,9,骤增,8,计生,8,予以,7,消解,7,饱受,7,民意,7,一说,6,连日来,6,触发,6,黄金周,6,屈服,6,安保,6,打到,5,但会,5,不开,2
54,社会,669,这种,459,行为,286,个人,274,方式,208,所谓,179,关系,171,性,149,道德,136,错误,130,群体,129,价值,122,责任,116,保护,115,利益,114,价值观,97,理性,96,观点,93,原则,86,包括,80,传统,79,事实,76,拒绝,72,思维,72,实际上,72,评价,71,并非,70,背后,70,反思,70,媒体,68,必要,68,目的,66,生存,65,极端,62,主动,58,基础,56,事实上,54,建立,54,舆论,54,强调,53,形式,53,引导,52,集体,52,观念,51,违背,51,进步,50,危险,50,体现,49,约束,49,应当,48,绝不,48,社交,47,呈现,47,冲突,47,人情,47,层面,46,客观,46,某种,45,意识,43,概念,43,提出,41,反映,40,普遍,39,理念,38,牺牲,38,以此,35,忽视,35,无疑,35,合理,34,体制,34,性质,34,借口,34,个体,33,损害,33,强烈,32,扭曲,32,权利,31,心理学,30,是从,29,义务,29,转移,29,手段,28,显然,27,特征,26,认可,26,后果,25,所说,24,不仅仅,24,少数,24,倾向,24,同伴,24,损失,23,不合理,23,共识,23,谈话,22,给出,22,付出代价,21,试图,20,认知,20,干预,20,单一,19,得不到,19,意愿,19,不满,19,强制,18,指责,18,恐怕,18,看待,18,人际关系,17,克服,17,理智,17,心理学家,16,缺失,16,不利,16,严格,16,现代,16,全,15,规范,15,使然,14,各种各样,14,放纵,14,关怀,14,既有,14,市场化,13,灌输,13,头脑,13,博弈,13,途径,12,如果说,12,惯性,12,抵御,12,注意力,11,蔓延,11,本是,11,对外,11,抛开,11,本应,10,徒增,10,消解,10,初衷,9,越走越远,8,无穷的,8,社会舆论,8,指向,7,虚假,6,一分,6,不开,5,难以承受,4,关切,4,举步维艰,4,勾心斗角,3,计生,3,眉山,2
55,人生,435,也许,353,痛苦,352,生命,334,经历,293,曾经,229,过去,189,坚强,174,路,157,或许,156,一场,145,日子,127,充满,126,现实,124,绝望,121,活着,108,黑暗,106,折磨,99,前行,98,风雨,96,无奈,91,艰辛,89,迷茫,88,留下,88,一份,85,一次次,81,脚步,68,此刻,67,苦难,66,伤痛,62,挫折,62,泪水,60,艰难,59,坎坷,59,总会,58,信念,58,勇气,58,死亡,56,总有,55,挣扎,54,无助,53,磨难,52,向前,52,从来,51,理想,50,灵魂,49,有过,48,逃避,47,渴望,45,困惑,45,辉煌,44,遥远,43,活下去,43,走出,42,道路,41,沧桑,40,奋斗,39,无力,38,亲人,38,拼命,38,背负,37,失落,36,短暂,35,彷徨,35,从不,34,前进,34,背负着,33,眼前,33,一路上,32,沮丧,31,残酷,31,是从,30,注定,30,将来,29,迷惘,28,重复,28,困境,28,夜晚,28,煎熬,27,终将,27,逃离,27,枷锁,27,经受,26,阴影,26,失意,26,就让,25,抵抗,25,拼搏,24,苦痛,24,心头,24,有太多,24,人到中年,23,犹如,23,崭新,23,哭泣,23,不舍,22,屈服,22,抗争,22,衰老,22,突如其来,21,艰苦,21,匆忙,20,深感,20,无望,20,厌倦,20,扛,19,换来,19,逆境,19,辛劳,18,不公,18,紧紧,17,化为,17,叹息,17,不管怎样,17,读完,17,不甘,17,承载,17,迎接,17,街区,16,躯体,16,撑起,16,化作,15,奋起,15,如影随形,15,斗志,15,麻木,15,力气,15,无尽,15,厚重,15,明媚,14,经不起,14,怀着,13,双脚,13,侵蚀,13,笼罩,13,过不去,13,苦楚,12,看待,12,出路,12,痛楚,12,走上,11,本是,11,靠着,11,病痛,11,这条,10,黎明前,10,不可避免,10,驱赶,10,安稳,9,孤寂,8,步子,8,最难,8,难免会,8,行囊,7,精疲力尽,7,倦怠,7,难以承受,6,直面,6,困苦,5,无穷的,5,睁开,5,豁然开朗,5,阴沉,4
56,回家,848,一年,723,每天,326,家里,278,在家,191,过去,157,爸妈,154,家人,145,几个,143,路,134,一个月,118,辛苦,111,后来,100,岁,90,不到,88,一周,87,兴奋,84,看着,83,房子,82,几天,79,几乎,76,奔波,62,带,61,半年,58,失恋,56,还好,54,几年,51,旅途,50,爸爸妈妈,47,从来,45,每年,45,第二天,44,两年,41,过年,41,大军,38,逼婚,36,周围,36,安慰,35,期盼,35,没能,34,异常,34,迎接,34,年底,34,迎来,33,一身,33,几次,31,出差,31,眼前,31,春运,31,清明,30,不住,29,房贷,28,背着,27,度过,25,到来,24,别有,24,超大,23,在外,22,万分,22,不久,22,应酬,20,交给,20,这下,19,老家,19,开开心心,19,失业,19,坐车,17,喜悦,17,路途,17,失意,17,每月,16,卸,16,不来,16,忽然,16,崭新,15,辛劳,15,早出晚归,15,待遇,13,弄,13,增添,13,挺住,13,海景,13,亲情,12,外边,12,爷爷奶奶,12,踏上,11,闷,11,薪水,11,赶走,11,不算什么,11,平日,11,不舍,11,停下来,11,累得,10,脸色,10,匆忙,10,如期,9,年末,9,没见,9,本想,8,最爱,8,想家,8,口气,8,余,8,打消,7,怀着,7,走到,7,水泥,7,双十,6,步履,6,无所事事,6,荷包,6,力不从心,6,买到,4,太差,4,别太,3,自首,3,一扫而空,3
57,出现,551,症状,532,疼痛,386,引起,371,患者,294,发生,291,导致,273,心脏,231,换个,222,严重,199,明显,196,治疗,185,神经,176,加重,157,颈椎,129,头痛,126,部位,120,血管,120,疾病,120,高血压,113,颈椎病,102,刺激,94,关节,92,引发,90,不适,88,异常,80,消失,79,现象,78,感染,74,血压,71,常见,68,程度,67,障碍,65,损伤,65,增大,60,肿瘤,59,止血,57,性,57,血液,56,腹部,56,痔疮,55,病人,55,所致,54,症,53,长时间,53,耳鸣,52,升高,52,深呼吸,52,头部,52,病变,51,麻木,50,时侯,49,思维,49,郁闷,48,术后,48,心脏病,46,胸闷,44,手术,42,临床,41,预防,41,困惑,39,胸部,39,子宫,38,犹豫,37,肌肉,36,中风,36,颈部,36,呕吐,36,重视,35,心累,35,处,35,酸痛,34,呼吸困难,34,局部,32,炎症,32,危害,32,慢性,31,诱发,31,多数,31,老年人,31,头疼,30,病情,29,找,29,偏头痛,29,乏力,28,药物,28,病因,28,角度看,28,下肢,27,便秘,27,冠心病,25,腰椎,25,收缩,25,扩张,25,僵硬,25,缺氧,25,特点,25,多为,24,猝死,24,痉挛,23,思考,22,面部,22,好转,21,损害,21,肝,21,挤压,20,称为,20,增多,20,腰痛,20,血液循环,19,突出,19,膝关节,19,排解,19,一大,18,不良,18,久而久之,17,精神紧张,17,不孕,17,生理,17,显著,16,解除,15,松弛,15,糖尿病,15,减退,14,负荷,14,受压,14,发病率,14,持续性,14,心肌,13,食欲不振,13,受损,13,缩短,13,心率,13,肌,13,失调,13,用药,13,致使,12,疲乏,12,胃部,12,前兆,11,患有,11,哪种,11,不佳,11,眼睑,11,患上,10,就医,10,腰酸背痛,10,消化不良,10,倦怠,10,坐骨神经,9,尿频,9,免疫,8,保暖,8,骨骼,8,身体状况,8,转为,8,会因,8,眼皮,8,太低,7,胃肠道,7,加压,7,肾虚,7,支配,7,传导,6,紧紧,6,苦不堪言,6,积聚,6,咖啡因,5,伤身,5,躯体,4,抬高,4,精神恍惚,3
58,银行,643,公司,578,亿元,496,资金,347,投资,260,债务,244,亿,232,企业,225,项目,190,贷款,170,融资,170,风险,169,金融,128,增长,125,资产,121,业务,116,央行,106,基金,105,股份,104,规模,92,存款,92,上市公司,89,监管,85,资本,83,万亿,80,万元,78,测试,77,利率,76,地方,75,房地产,73,交易,73,证监会,68,意味着,64,流动性,64,金融机构,62,月份,62,经营,61,股价,59,同比,59,万亿元,58,负债,58,上半年,56,银监会,56,业绩,53,此前,53,债券,53,杠杆,53,商业银行,52,机构,50,银行业,50,减持,48,建设,44,解禁,42,今年以来,41,数量,40,收益,38,占,37,财政部,37,增速,37,已有,35,增,34,危机,33,年底,32,现金流,32,扩大,32,偿债,30,比例,29,高达,29,方案,29,收紧,27,推进,26,国企,26,运作,26,债,25,信贷,25,房贷,25,调研,24,理财,23,金融危机,23,不良,23,试点,21,一季度,21,ipo,20,不良贷款,20,财务,20,发改委,19,年内,19,背景,18,凸显,18,年末,18,更为,18,月末,17,考核,17,业内,17,证券,17,值得注意,17,还款,17,多重,17,流失,16,高于,16,高额,16,持股,16,财政收入,16,潜在,16,可谓,15,四大行,15,三大,15,随之,15,中小企业,14,保险公司,14,高峰,14,扩张,14,成效,14,基建,13,中长期,13,百分点,13,管理层,12,巨额,12,李克强,12,暴涨,12,压缩,12,接连,10,扛不住,9,抵御,9,市场化,9,收取,8,转为,8,存量,8,日渐,8,人士,8,瓶颈,8,究其原因,7,套现,6,叫停,6,与日俱增,6,入市,6,惰性,4,qe,3,imf,2
59,城市,711,房价,537,房地产,352,楼市,243,政府,211,开发商,187,政策,117,一线,114,库存,104,销售,102,房企,93,项目,88,买房,79,调控,74,降价,72,限购,69,土地,69,地方,69,住房,66,地产,61,楼盘,58,购房,57,忍耐,54,加剧,53,购房者,48,月份,45,驾驭,42,回报,41,涨,40,下半年,40,执着,39,观点,37,想开,37,交给,37,开发,34,供应,34,成交,34,下滑,33,凋零,33,春天,30,低迷,30,等待,30,均价,29,懦弱,28,心事,28,一生,27,枯叶,27,功课,27,松绑,27,懂得,27,最低,26,感恩,26,释怀,24,加码,24,二线,24,贷款,23,胆怯,23,房产税,23,暴涨,23,割舍,23,可贵,23,三四,23,首付,21,来临,21,大城市,21,物价,21,税费,20,存量,20,清风,20,减小,20,陡增,20,今年以来,19,出台,18,上半年,17,一季度,17,门槛,17,货币,17,公积金,17,幅度,17,供给,16,信贷,16,房贷,16,高层,16,入市,15,增,15,一轮,15,蔓延,14,收紧,14,看出,14,万亿,14,高峰,14,高房价,14,放缓,13,压顶,13,大增,12,犹存,11,监测,11,坦言,11,倍增,10,业内,10,高峰期,10,形势,10,国家统计局,9,之势,9,房奴,8,巨额,8,水泥,8,租房,8,频频,8,环比,8,人士,8,物价上涨,7,四季度,7,回暖,7,压缩,7,不景气,7,不减,6,仍会,6,成交额,6,价位,6,仍存,5,三重,5,迫切,5,疲态,5,三季度,4,地产股,4,举步维艰,4,最低点,4,倒逼,4,七成,3
60,爱情,1482,感情,609,婚姻,515,两个,394,之间,213,关系,192,情感,151,事业,143,现实,136,付出,129,甜蜜,116,失去,113,愿意,108,曾经,101,相互,85,经营,84,矛盾,82,双方,82,亲情,79,一份,76,那种,73,相处,72,伴侣,68,面前,60,这份,55,期望,53,沟通,46,带给,46,渴望,43,真爱,43,依赖,42,金钱,41,承诺,39,平淡,37,不必,33,前提,33,理智,29,琐碎,28,亲人,26,一方,24,那一刻,23,维系,22,厌倦,22,运势,21,挣扎,21,深情,20,放手,19,轻易,19,时常,18,经不起,18,难免,18,呵护,17,任性,16,真谛,16,世俗,16,一次次,15,最爱,14,窒息,14,伪装,14,自已,13,指责,13,这段,13,星座,12,痴情,12,不舍,11,太多太多,11,济南,11,那份,11,逼婚,10,遇事,10,字,10,好转,9,功利,9,人情,9,啰嗦,9,很久,8,不论是,8,不顺心,7,势必,7,女方,7,慰藉,6,万分,6,不公,6,别太,6,本该,6,小有,5,烦忧,5,越走越远,4
61,可能,775,容易,550,最大,387,往往,259,少,256,得到,240,失去,169,失败,168,重,162,最高,121,效率,119,重视,114,不易,106,感情,94,忽视,89,寒冷,78,一份,77,不必,68,句句,62,宽容,59,惬意,53,不必要,53,对付,47,相处,47,不愿,45,太阳,44,光临,44,留给,41,身体健康,40,做事,40,乏力,39,多一份,39,不可,36,陷入,35,勇气,35,极致,35,轻易,34,不得已,33,疲倦,33,得不到,30,融合,26,软弱,26,精神紧张,25,星座,24,一分,24,最怕,24,长,23,怨气,21,可谓,18,多梦,17,搁置,17,pressure,17,一步,16,易,15,消化吸收,14,体弱,14,总想,14,怕冷,14,倒不如,14,之道,14,头脑,14,打交道,13,试过,12,更要,10,初衷,9,连日,8,预示,8,可想而知,8,那份,7,不快,7,不多,7,使然,7,没钱,7,更难,6,静下来,6,心身,5,苦短,5,轻松自在,4,台州,4,饭局,4,松原,4,困难重重,3,郑州,3,变大,3
62,黄金,795,原油,658,上方,541,美元,450,位置,395,附近,362,多单,357,行情,354,操作,347,建议,341,空单,282,空,240,下方,237,目标,210,一线,204,白银,184,做空,181,止损,171,持有,167,利润,163,进场,158,止盈,155,策略,133,回调,131,布局,120,离场,117,留意,115,美盘,111,晚间,106,早盘,105,点位,103,思路,102,破位,98,获利,94,日内,91,回撤,87,区间,85,不破,84,盈利,84,即可,76,看空,74,跟上,72,美金,71,个点,69,现价,68,稳健,67,美,67,提示,66,接下来,63,激进,61,高点,61,一波,58,欧盘,57,给出,54,实盘,53,波动,53,单子,50,低位,49,实时,44,不变,42,高空,42,早间,42,跟进,42,踩,41,承压,39,仅供参考,37,出局,37,收益,37,受阻,36,利空,32,守住,32,轻仓,32,国际,31,亚盘,30,空仓,30,看多,29,依托,29,非农,29,触及,28,观望,28,多空,28,顺势,27,跟随,25,追多,24,盈,24,现货,23,隔夜,23,加仓,23,追空,23,周生,22,遇阻,21,eia,21,新低,21,前,21,介入,21,上破,21,借助,20,平仓,20,拿下,20,靠近,20,先看,19,试探,19,做单,19,收割,15,上冲,15,短多,15,白盘,14,一步,14,首要,13,午间,13,进多,13,美指,13,补仓,13,解套,13,进空,12,朋友,12,午盘,12,冲破,12,看涨,12,支撑点,12,恒指,12,强弱,12,择机,12,单止,11,来回,11,低多,10,金银,10,短空,10,持仓,9,下移,9,沥青,9,背靠,9,建仓,8,偏弱,8,利多,8,具体操作,8,这波,7,最低点,7,符合,7,阻力位,7,上移,7,落袋,6,偏强,6,安,5,看盘,5,追涨杀跌,4,小有,2
63,比较,964,很多,522,非常,474,应该,350,这种,301,高,294,特别,262,容易,242,基本,198,一点,190,不好,187,直接,182,起来,162,完全,144,几个,143,基本上,116,平时,114,个人,95,属于,91,毕竟,88,说明,85,考虑,81,下来,80,还会,71,关键,69,包括,68,大部分,66,加上,64,没什么,63,这点,62,平常,58,一大,58,很少,57,那种,55,稍微,50,强调,45,很难,44,几次,42,难度,42,不小,40,认可,38,也就是说,35,做出,35,接近,34,有限,33,相比,32,不大,30,才行,27,显得,27,看出,27,上来,26,太高,24,一下子,24,攻击,22,一说,21,这类,19,成年人,18,几率,17,非常明显,17,不怎么,16,一般来说,16,没到,15,脑袋,15,外力,14,弄,13,很小,13,力气,12,宽松,11,心头,10,多点,10,就会,10,可谓,10,脸部,10,变大,9,相对来说,9,越高,7,这周,6,满足感,6,这段,5,蛮大,5,浩大,4,阶层,4,担不起,1
64,心情,848,一天,695,上班,686,每天,249,不用,244,不好,228,最近,203,不想,168,年轻,116,日子,111,放空,86,周一,78,上坟,72,本来,71,山大,69,同事,68,害怕,68,失眠,61,睡,60,白天,58,想家,57,单位,55,双眼,54,脆弱,54,上学,52,醒来,46,做梦,45,唤醒,44,新,40,抛,39,小轻,38,烟消云散,31,一觉,31,脑袋,31,没什么,31,想念,30,越发,30,联系,30,无忧无虑,29,怕黑,28,开灯,28,就够,27,头疼,26,看得,26,不爽,24,一晚,23,第二天,23,漆黑,22,何时能,22,度过,22,清醒,21,不多,21,快快乐乐,20,多想,20,段时间,20,流血,19,定义,19,总,19,一夜,19,眼皮,19,坐在,19,孤立,18,路终,18,那段,18,蒙蔽,18,只想,17,睁开,17,怀着,16,开开心心,16,忧郁,16,甚大,16,午休,15,轻松愉快,13,真想,13,不顺心,11,多累,11,家事,10,点到,9,煲,9,赶走,7,顿感,7,思虑,6,放个,6,一有,5,真他妈,5,多岁,4,打交道,4,心情舒畅,4,好重,3,素颜,3,郑州,3,补觉,3
65,市场,1227,指数,737,震荡,699,大盘,536,创业板,503,今日,461,板块,446,短期,426,走势,403,沪,401,盘面,377,指,355,股指,346,回落,334,来看,334,成交量,332,均线,313,上涨,305,资金,291,点,254,盘中,238,明显,234,较大,232,个股,227,早盘,222,昨日,222,两市,220,午后,188,格局,183,量,179,整体,176,热点,170,强势,160,涨幅,153,投资者,145,亿,144,报收,132,亿元,127,上证指数,122,小幅,120,拉升,118,概率,118,放大,116,收盘,115,维持,109,再度,106,权重,103,态势,99,带动,99,尾盘,98,上午,97,低开,96,深,92,反复,91,主力,91,权重股,91,结构,90,后市,90,上攻,90,总体,89,次新股,89,萎缩,85,午评,85,冲高,84,周二,83,跌,81,主板,79,仓位,75,大幅,75,关口,75,呈现,73,跳水,72,概念,71,周四,69,高开,69,年线,66,弱势,66,券商,64,跌幅,63,题材股,62,成交,62,压制,61,企稳,61,走高,60,缺口,59,开盘,59,减仓,58,大涨,56,地量,56,全天,55,回升,55,一度,54,走强,52,迹象,52,新高,52,观望,52,居前,52,效应,51,活跃,51,未能,51,局面,50,缩量,49,外围,49,深成指,48,分化,48,连阳,48,护盘,47,展开,46,走低,45,面,45,整理,44,净流入,43,题材,43,创,43,探底,42,横盘,42,翻红,40,流出,40,收评,38,十字星,37,抛压,36,早评,36,获利盘,36,小盘股,35,煤炭,35,短期内,34,成交额,33,领涨,32,半年线,32,窄幅,32,较为,31,发力,31,高开高,30,人气,30,节后,30,节前,29,杀跌,29,站稳,29,收复,28,走,28,资金面,28,盘整,27,幅度,27,蓝筹,27,中小板,27,轮动,27,筹码,26,变盘,26,新低,25,石油,25,拖累,25,滞涨,25,期货,25,冲高后,24,交易日,24,低迷,22,期指,22,共振,21,回补,21,金融股,21,逼近,21,中小,21,整固,21,持续性,20,收涨,20,涨跌,20,技术指标,20,收跌,20,翻绿,19,较强,19,抛盘,19,收出,19,呈现出,19,创新,18,多方,18,箱体,18,窗口,18,显现,18,证券,18,技术性,18,大盘股,17,凸显,17,sh,17,高开低走,17,收于,17,筑底,17,沪市,17,休整,16,概念股,16,建仓,15,蓄势,15,持仓,14,kdj,14,有色金属,14,跟进,14,钛白粉,13,现阶段,13,两大,13,之势,13,上扬,13,走弱,13,跳空,13,普涨,13,回暖,13,午间,12,谨防,12,逆势,12,略微,12,买盘,12,安,12,国企改革,12,非常明显,12,创出,12,下挫,12,助力,11,落袋,11,午盘,11,略有,11,领跌,10,空方,10,盘口,10,增量,10,较弱,10,受制于,10,值得注意,9,深市,9,追涨杀跌,9,强弱,9,下移,8,前高,8,看少动,8,前几日,8,看盘,8,白马股,7,长阳,7,为宜,7,位后,6,疲态,5,犹存,4,回吐,4
66,心理,743,焦虑,517,情绪,401,能量,373,抑郁症,282,抑郁,253,恐惧,253,状态,209,精神,204,紧张,179,产生,134,负,129,烦躁,118,自杀,118,不安,104,感,90,积极,89,抗,81,敏感,81,心理学,76,强大,76,乐观,66,悲观,56,心理疾病,54,暗示,54,极度,54,职业,48,忧郁,47,负面,45,野心,43,应对,42,情绪低落,42,一面,41,折磨,38,生理,37,消极,36,强烈,34,强迫,34,当下,33,恐慌,32,沮丧,31,陷入,31,制造,30,外界,30,念头,29,易怒,29,焦虑不安,28,生活节奏,27,困惑,25,持久,25,注意力,22,特征,22,心理咨询,22,忧虑,22,倾向,18,个体,18,时常,18,障碍,18,症,17,心理健康,16,难免,16,恶性循环,16,心理医生,16,感知,15,克服,14,逆境,13,无望,13,各种各样,13,遇事,12,患上,12,夸大,12,创伤,12,干扰,12,久而久之,11,社交,10,烦躁不安,10,集中精力,10,机体,9,呈现出,9,烦心,9,自责,9,承受力,8,忧心,8,不怎么,8,整日,8,中年人,7,躯体,7,一族,7,倦怠,7,免疫系统,6,打消,5,阴沉沉,2,突破口,2
67,面临,342,一是,317,巨大,306,挑战,290,二是,289,发自,274,带来,254,首页,245,桌面,245,三是,130,危机,126,考验,99,更大,93,打击,91,再次,87,冲击,78,处于,76,重重,74,遭遇,73,应对,72,困境,68,难以,67,仍然,64,迅速,63,提醒,61,双重,57,陷入,56,不得不,53,一周,50,不小,50,矛盾,47,之中,44,爆发,44,强烈,44,到来,42,需,41,内部,39,来临,38,遭受,37,接下来,36,频繁,35,正,35,迎接,35,迎来,35,冲突,35,前所未有,34,极限,34,无力,32,极度,30,承受不住,30,转变,28,回避,27,难题,24,经受,23,维稳,23,两大,22,外部,21,动荡,20,无疑,19,有利,18,既有,18,日后,17,节前,17,约束,17,时机,16,潜在,16,可想而知,16,不免,16,本是,15,落差,15,以往,15,前景,15,抉择,15,大道,14,缓冲,14,向来,13,契机,13,三重,13,内外,13,危机感,12,严峻,12,转向,11,格外,10,不佳,10,更要,10,主导,10,走上,9,敢于,9,第一种,9,迟迟,9,之处,9,惯性,8,要来,8,套现,7,反倒,7,各项,6,读完,6,放慢,5,保持良好,4,宴席,3
68,毫无,969,拍,844,山,362,专柜,266,视频,243,山大,163,shishi,162,细节,117,看实,115,懂货,113,亲们,113,非诚,111,勿扰,111,微信,94,质量,78,ipad,56,看书,50,五金,47,图,43,lv,41,背进,39,进出,33,亚历山大,31,转换,31,轻轻松松,30,挺大,30,进,27,原单,27,品质,27,爆棚,24,size,23,煲,22,️,21,出入,21,顿感,21,年底,20,略显,19,顿觉,18,同步,17,酣畅淋漓,16,看后,15,代理,15,海关,15,一大,13,大不大,13,决赛,12,一秒钟,11,痛哭,11,肩带,11,boy,11,轻便,10,至极,10,全无,10,材质,9,后顾之忧,8,卸掉,8,首选,8,厚厚的,8,拿下,7,快来,7,双十,6,买到,6,压死,5,一晚,3,火气,3,宿迁,2,eastmoney,1
69,需要,1143,时间,1104,事情,332,状态,212,慢慢,187,最好,184,解决,160,处理,158,改变,155,不断,154,主动,145,耐心,136,做好,124,不用,114,办法,113,自然,106,接受,103,安排,87,只会,84,尝试,78,长,76,恢复,65,做到,63,交给,62,有限,57,当下,53,更大,51,沟通,50,观察,46,化解,45,头脑,45,及时,44,一段时间,42,适应,32,很难,31,眼前,31,段时间,29,应付,29,强迫,29,度过,28,对抗,28,反思,26,额外,24,运势,23,靠近,23,排解,22,闷,20,难题,20,多点,19,勉强,18,恶性循环,18,做起,18,扛着,18,被动,17,心神,17,留给,17,难度,17,可控,16,想到,15,换来,14,阻碍,14,操心,14,变好,14,太忙,13,就够,13,或者说,12,压缩,12,地去,11,当做,11,急于,10,抗拒,10,无所事事,9,良方,9,不应,8,集中精力,8,体能,7,熬过,7,家里人,6,放在心里,6,烦心,6,月末,6,打到,3
70,付出,647,生命,567,成长,494,打破,449,成为,355,代价,344,得到,222,收获,204,回报,152,辛苦,148,食物,122,过程,120,经历,112,从外,106,牺牲,100,失去,95,注定,91,背后,76,公平,76,成就,64,发现自己,58,便是,53,过于,46,不可,42,艰辛,42,强者,42,却是,41,换来,40,无需,37,过后,36,愈,34,灾难,31,鸡蛋,30,有着,28,无疑,26,无论是,24,倍感,23,相当于,22,不仅仅,20,流动,20,等待,20,悼念,20,得不到,20,重量,19,只不过,19,困顿,17,无处,17,心境,17,一时,17,最多,16,接踵而来,16,伤痛,16,多大,16,浩大,15,累积,15,施加,14,承载,14,外面,13,想过,13,枯燥,12,憔悴,11,延伸,11,无怨无悔,10,燃烧,10,得失,9,千钧,9,惧怕,8,沧桑,8,多岁,7,成正比,7,之时,7,终将,6,真爱,6,停歇,6,滨州,6,压榨,5,前路,5,积压,4,切勿,4,单薄,3,拂去,3,转起,3,磅礴,3,大过,1
71,经济,580,美国,541,美元,504,人民币,456,数据,421,加息,397,美联储,359,预期,306,通胀,266,央行,224,公布,224,贬值,222,下行,215,预计,202,显示,138,汇率,137,政策,136,升值,132,利率,118,本周,109,货币政策,108,货币,106,加大,99,投资者,96,进一步,96,月份,90,上升,88,担忧,85,油价,85,报告,85,金价,80,会议,74,冲击,73,下滑,73,欧元,66,周二,66,表明,58,令,57,欧洲央行,57,降息,55,周三,54,波动,54,将会,53,走强,52,分析师,52,此前,52,大幅,50,不确定性,50,利好,49,周四,49,特朗普,48,流动性,48,加剧,47,预测,47,放缓,46,强劲,46,外汇储备,44,cpi,43,增速,42,下调,41,通缩,40,回升,40,前值,40,前景,39,年内,38,金银,38,温和,36,贵金属,36,ppi,35,宽松,34,欧元区,34,债务,34,抛售,33,扩大,33,非农,33,通货膨胀,31,提振,31,国债,31,潜在,30,高于,29,升温,29,穆迪,29,紧缩,29,资产,28,打压,26,疲软,26,失业率,26,上调,25,走低,25,动荡,25,债券,25,金融市场,24,疲弱,24,对冲,24,低迷,24,财政,24,pmi,23,物价,23,新低,23,暴跌,23,不及,23,贸易,23,扩张,22,外部,22,重启,21,基本面,21,制造业,21,财政政策,21,流出,21,复苏,21,低于,20,暗示,20,削减,19,拖累,19,qe,19,幅度,19,禅语,19,背景,19,较强,18,外汇,18,减弱,18,避险,18,缓和,18,好转,17,流入,17,美股,17,表态,16,实体,16,四季度,16,黄金价格,16,今年以来,15,减缓,15,美金,15,信贷,15,逼近,15,隔夜,14,宏观,14,驱动,14,致使,14,imf,14,迫使,13,国家统计局,13,总统,13,减税,12,涨势,12,结构性,12,蔓延,11,均衡,11,收紧,11,月末,11,干预,11,金融危机,11,重回,11,显著,11,宏观经济,10,此举,10,上扬,10,eia,10,过剩,10,共识,10,物价上涨,10,人士,10,跌势,10,势头,10,仍存,9,大幅度,9,进程,9,跌至,9,外流,9,符合,9,银行业,8,喘息,8,本轮,8,增幅,8,削弱,8,仍大,7,骤然,7,美国政府,7,外部环境,7,重挫,7,均价,7,创出,7,大增,7,备受,6,经济运行,6,主因,6,打消,6,内需,5,过快,5,骤增,5,社科院,3
72,努力,1456,坚持,731,希望,635,相信,466,未来,353,依然,335,不了,236,放弃,219,一年,150,我会,149,付出,137,奋斗,118,方向,105,日子,98,更加,92,更好,81,看不到,71,鼓励,62,收获,59,前行,59,有人,55,顶,53,顶住,52,错,52,我能,50,几倍,46,进步,43,拼搏,42,成绩,42,这份,39,坚持下去,37,将来,35,执着,34,牛叉,34,回报,33,迷茫,32,认可,31,闹钟,31,迎接,29,力不从心,29,成就,26,规划,24,半年,21,倍感,20,一天天,19,换来,18,辉煌,18,选,17,多久,17,人错,17,彷徨,17,克服,15,永恒,14,激励,13,走到,12,无怨无悔,11,静下心来,10,多一些,10,很重,9,不管怎样,9,担,8,初衷,8,毅力,7,日后,7,不算什么,6,抗住,4,这期,1
73,不要,2810,太多,210,太累,157,忙,149,关心,144,心态,126,最终,110,心烦,101,当成,89,平和,85,拼命,79,理所当然,69,活得,68,太大,67,加班,67,朋友,63,聚会,63,太重,61,买车,59,买房,56,瞌睡,55,嫌贵,55,找,55,浪费,55,天天,49,最美,49,永远,49,尽量,48,临界点,45,善待,30,倒头,29,生死,28,蜗居,28,父母亲,28,鞋子,28,钱,28,双,28,买,28,温暖,28,盲目,27,倒下,26,换,26,陪陪,26,好好,26,找个,26,大房子,26,聚,25,有太大,21,太有,20,苏州,19,任何人,19,外界,18,试图,16,想,14,无止境,14,再大,13,爱护,7,店,7,窘迫,6,随心所欲,4,玉溪,4,动不动,3,苦不堪言,3,甚大,2,大嘛,1
74,生活,3339,每天,281,方式,227,简单,210,烦恼,180,想要,137,平淡,123,日子,110,总会,83,焦虑,82,忙碌,73,偶尔,72,常常,70,郁闷,65,渴望,61,充实,60,远离,60,琐碎,56,快节奏,53,就让,52,逃离,48,之中,45,现代人,43,日复一日,41,单调,37,第二天,37,无忧无虑,33,不如意,31,时常,30,乏味,29,不必,29,增添,29,激情,28,过好,28,安稳,28,纷扰,28,排解,28,生活态度,26,摆脱,26,乐趣,26,烦心,25,放纵,24,种种,24,繁忙,23,脑子里,23,最爱,23,不快,22,枯燥,21,不顺心,20,困苦,20,拥挤,20,浮躁,20,琐事,20,忙忙碌碌,20,多余,20,苦恼,19,独自,19,各种各样,19,之余说,18,不必要,18,早晨,18,依稀,18,轻快,18,空闲,18,整日,18,阳光,18,忧愁,17,难免,17,何不,17,静下来,16,都市人,15,茫然,14,随之而来,14,麻木,13,节奏快,12,烦心事,12,总要,12,轻松愉快,11,负累,10,本该,10,想过,10,不出,9,滋养,9,辛劳,9,真谛,9,苦闷,9,生活节奏,9,很久,9,艰苦,9,嘈杂,8,沧桑,8,学着,7,事太多,7,安安静静,7,难堪,7,肩负着,5,催生,5,驱赶,3,pressure,3,上饶,2
75,缓解,563,减轻,370,帮助,334,大脑,258,方法,232,减少,230,研究,227,作用,226,提高,226,改善,225,消除,192,有效,190,有助于,169,保持,163,降低,149,焦虑,133,好处,128,调节,126,发现,122,表明,119,紧张,118,睡眠,117,疲劳,117,增强,111,促进,106,水平,102,效果,101,锻炼,101,舒缓,101,提升,86,能量,85,减压,83,激素,74,功能,65,长寿,64,沉香,64,有利于,60,平衡,57,人体,54,分泌,54,良好,53,神经,53,加强,50,磨牙,48,有益,47,冥想,46,起到,44,适度,44,应对,43,使人,39,功效,38,注意力,37,荷尔蒙,36,抑制,35,头痛,35,身心健康,34,有助,34,精神紧张,30,对抗,30,精油,30,神经系统,26,调理,26,促使,26,慢跑,22,心理健康,22,新陈代谢,22,心理学家,20,减低,20,一项,20,减小,20,减缓,19,几率,19,不良情绪,19,浊气,18,强化,18,安抚,17,益处,17,更能,17,强度,16,记忆力,15,静坐,15,食欲,14,创造力,14,幸福感,14,大时,14,慢性,13,集中精力,13,显著,13,深呼吸,12,难于,11,干扰,11,有害,11,良方,10,赶走,10,抗压,10,坏习惯,10,可减轻,10,灵活,10,腰酸背痛,10,咀嚼,10,陶冶情操,9,有力,9,消极情绪,9,专家建议,9,释放出来,8,疏解,8,精神状态,8,变小,8,安神,8,激活,7,免疫系统,6,期望值,4,本应,4,内心世界,4,劳逸结合,4,慢下来,3,歌,2
76,公司,649,产品,592,企业,472,客户,385,销售,280,平台,278,项目,256,行业,251,技术,246,发展,246,创业,226,消费者,164,生产,164,业务,154,竞争,141,开发,137,成本,135,提供,133,实现,131,需求,120,团队,112,业绩,111,iphone,106,传统,106,国内,105,代理,89,优势,88,功能,82,价值,74,人工智能,72,经营,68,具有,65,渠道,65,转型,65,系统,61,产业,61,制造,58,消费,53,资源,49,费用,47,限制,47,ceo,46,采用,42,优质,42,保障,39,维护,37,拓展,34,转向,33,经销商,32,庞大,31,理念,31,给出,31,特点,30,盈利,30,企业家,29,取得,26,规模,25,催生,22,灵活,22,近年来,21,传感器,21,虚假,21,规范,21,诸多,21,从事,20,战略,20,s,19,门槛,18,能源,18,化工,17,竞争力,17,工人,17,发动机,16,竞争对手,16,延伸,15,实体,14,经理,14,瓶颈,14,创造力,13,市场竞争,13,原料,13,低价,13,实时,13,单一,12,额外,12,高达,12,依托,11,借助,11,倍增,11,财务,11,囤货,10,严峻,10,高强度,10,多为,10,高层,9,管道,9,燃油,9,激烈,8,分流,8,更高,6,与日俱增,6,履行,5,前路,4
77,中国,889,社会,854,国家,590,人民,543,政府,338,政治,277,老百姓,198,发展,186,权力,177,反抗,161,百姓,154,自由,144,农民,140,思想,137,权利,129,官员,123,剥削,117,制度,114,领导,113,所谓,88,传统,82,一场,80,建立,80,解放,77,法官,76,民众,75,中央,69,资本,68,西方,68,阶级,63,财富,61,生存,59,工人,58,穷人,55,基层,54,进步,52,独立,49,劳动,49,剥夺,49,资源,48,公平,47,个体,47,必然,47,利益,45,期待,42,道德,40,农村,38,维护,37,体制,37,依靠,36,自已,34,几十年,34,帝国主义,33,惩罚,33,牺牲,33,土地,31,残酷,29,从不,28,手段,28,义务,27,呼吁,27,绝不,27,地方,26,改革开放,25,庞大,23,全,23,奴隶,23,一方,22,丧失,22,赋予,22,贫穷,21,转折,21,抗争,21,民意,21,放晴,21,阴沉,20,不公,20,下透,20,前提,20,得以,19,压榨,19,无用,19,阶层,19,等于,18,称为,18,上级,18,灾难,18,根源,17,脱离,17,敢于,17,相互,17,劳动者,16,实行,16,意志,16,农业,16,何来,15,有力,15,对外,15,上来,14,三座大山,13,抵抗,13,企业家,12,纳税人,11,纸老虎,11,干预,11,不出,10,地说,10,发达国家,10,予以,10,审判,10,转为,10,中国政府,9,积极性,9,腐朽,9,根本原因,9,农民工,9,现阶段,8,终将,8,制约,7,无可奈何,7,面对现实,7,有何,6,转起,5,臃肿,5,难以想象,5,动不动,5,不开,5,高房价,5,支配,4,关切,4,字眼,4,大是,2
78,支撑,1048,上方,862,黄金,776,反弹,764,下方,649,行情,575,原油,544,一线,520,附近,513,均线,513,操作,446,短线,444,震荡,440,美元,437,日线,416,白银,410,趋势,398,价格,374,下跌,374,走势,369,建议,365,油价,362,位置,329,来看,308,回落,297,昨日,296,多头,293,目标,283,日内,281,短期,276,为主,271,空头,240,区间,220,金价,220,做空,211,运行,203,线,182,回调,169,阻力,165,小时,165,高位,161,压制,160,下行,160,强势,155,整体,147,上行,140,空,140,破位,133,跌破,133,延续,125,区域,125,重点,121,本周,120,进一步,120,前期,113,后市,112,形态,111,高点,111,图,107,触及,102,承压,102,指标,99,周五,99,低位,97,周线,97,关口,96,阴线,95,上周五,93,思路,92,面,90,向下,89,银价,89,低点,88,小幅,85,空单,83,晚间,82,信号,79,林带,78,布,78,上周,78,高空,77,迹象,77,企稳,73,下探,72,级别,71,收盘,70,非农,70,阳线,66,下破,65,弱势,64,美,64,一带,63,消息面,63,周四,62,不破,61,中轨,60,macd,59,跌幅,59,周三,58,周二,55,隔夜,53,综合,53,短期内,52,日图,51,看空,49,下周,48,进场,48,kdj,48,未能,48,盘整,47,k,47,原油分析,45,看涨,44,欧盘,44,守住,44,并未,43,上轨,43,围绕,42,顺势,42,利空,41,暴跌,40,站稳,39,走低,39,现货,39,打压,38,早间,38,一波,37,受阻,36,给出,36,探底,35,强劲,35,涨势,34,原油价格,34,动能,34,收线,34,上破,33,防守,33,多空,33,最低,33,试探,33,跌势,32,走高,31,黄金价格,30,依托,29,阻力位,29,十字星,29,利多,29,回撤,29,激进,28,收复,28,上冲,28,止跌,28,大阳线,27,站上,27,三线,26,徘徊,26,下轨,26,美指,26,下挫,26,减弱,25,周初,25,失守,25,排列,25,金银,24,技术指标,24,收阳,24,偏空,24,看多,23,倾向,23,附图,23,美金,23,中线,23,图上,23,看跌,23,先看,22,日线图,22,美盘,21,反,21,收阴,21,金叉,21,偏多,21,之势,20,下影线,20,面上,20,维系,19,跌至,18,上扬,18,国际,18,亚盘,18,收取,17,交易日,17,偏弱,17,沥青,17,收于,16,受压,16,触底,16,走平,16,争夺,15,减产,15,疲软,15,逼近,15,提振,15,很强,14,反攻,14,走弱,14,回吐,14,暴涨,14,白盘,13,追空,13,eia,13,死叉,13,连阳,13,避险,12,预示,12,做单,12,冲破,11,短,11,如期,11,确立,11,wti,10,下移,10,买盘,10,技术性,10,黄金周,10,贵金属,10,转弱,10,筑底,9,冲高后,9,前几日,9,触发,9,欧佩克,9,具体操作,9,分水岭,8,强压,8,午盘,8,上移,8,追多,8,指向,7,颈线,7,急跌,7,支撑点,7,月线,7,进空,6,位看,6,偏强,5,三角形,5
79,一天,896,忙,624,休息,404,每天,300,一周,283,两天,244,忙碌,234,身心,233,累,231,结束,215,辛苦,200,几天,139,白天,92,出差,86,周一,82,加班,82,连续,81,充实,70,下来,69,奔波,67,周五,67,安排,60,办公室,57,看书,56,周二,56,一个月,51,看来,51,接下来,50,周三,46,上午,44,很累,40,停下来,38,在家,37,夜晚,36,还好,36,过后,34,一片,34,五天,33,太累,31,体力,31,卸下,29,在外,28,下周,28,迎接,24,侵蚀,23,考完试,23,繁忙,21,忙忙碌碌,21,段时间,21,一天天,20,临时,20,稍微,20,家务,20,十月,19,小雏,19,格外,19,忘记,17,舒坦,17,一口气,16,高强度,16,天,15,苦恼,15,饭局,14,慢下来,13,工作日,13,缓冲,13,晚睡,13,班上,12,撑不住,12,家里人,12,六天,11,两日,11,连日,10,顶不住,10,太忙,9,焦头烂额,9,要死,9,枯燥,9,好累,8,这周,8,劳逸结合,7,连轴转,6,最重,6,精疲力尽,6,补觉,6,万分,5,挺住,4,变好,4,米,4,释放出来,3,筋疲力尽,3,买到,2
80,学生,1457,高考,686,学习,665,考试,531,教育,365,家长,259,考生,251,教师,200,成绩,194,紧张,161,考,150,考研,134,高三,133,大学生,117,学业,102,上学,100,减负,90,就业,86,分数,62,考场,62,考前,58,研究生,52,考完,52,理想,45,寒假,44,培养,44,中小学生,44,自杀,42,每年,42,倍感,41,应试教育,37,学费,32,跳楼,31,跳楼自杀,31,培训,29,中小学,29,难度,27,冲刺,25,撕书,25,看书,22,via,22,升学,22,班上,22,考核,22,半年,20,放,20,临近,19,应试,19,期末考试,18,毕业生,17,考不上,17,新学期,17,等于,15,课业,14,期盼,14,学历,14,学制,14,强制,14,监考,13,考得,13,过重,13,期中考试,13,精神状态,11,学位,11,苦恼,11,一年级,11,繁重,11,可想而知,10,出路,9,挺大,9,高昂,8,压榨,8,啰嗦,8,无形中,7,相对来说,7,心理素质,7,迫在眉睫,7,越来越重,6,加压,6,小多,5,年前,5,灌输,5,大过,2
81,身体,446,作用,410,人体,342,体内,231,功效,225,细胞,198,功能,195,肝脏,191,效果,171,血液,163,具有,156,改善,155,排毒,146,人群,144,皮肤,132,有效,131,毒素,130,营养,123,食物,120,服用,110,吸收,104,促进,103,含有,99,物质,97,增强,91,肝,83,疲劳,80,血管,74,肠道,74,丰富,68,成分,67,脾胃,66,心脏,65,加速,65,养生,65,预防,65,起到,64,脂肪,64,修复,63,代谢,62,便秘,61,气血,61,恢复,58,机体,58,调节,55,饮用,55,湿气,53,新陈代谢,52,排出,50,c,50,维生素,50,酒精,49,全身,49,血液循环,47,抗,46,调理,46,抑制,43,抗衰老,42,防止,42,源于,41,药物,41,中医,40,氨基酸,40,加快,40,免疫力,39,原料,38,肾脏,38,有利于,38,再生,37,胃,37,胶原蛋白,36,肠胃,36,抗氧化,36,衰老,36,体质,35,营养素,34,自由基,34,骨骼,34,排除,34,类型,34,构成,33,症,33,富含,33,糖尿病,33,消耗,32,皱纹,32,循环,32,饮酒,32,弹性,31,有助于,30,专业,29,快,29,点击,29,冬季,29,分泌,29,女性美,29,免疫,28,收缩,27,蛋白质,27,炎症,26,老化,26,胃肠,25,水分,25,免疫系统,25,损伤,24,有益,24,激素,23,矿物质,23,受损,22,优质,21,神经系统,20,现代人,20,安神,20,激发,20,抵抗,20,干燥,20,激活,19,机能,18,高血压,18,过量,18,摄入,18,慢性病,17,使人,17,紊乱,17,荷尔蒙,16,应酬,16,发育,16,疲乏,15,食欲不振,15,治病,15,内分泌,15,过滤,15,滋养,14,运作,14,寒冷,14,延长,14,热量,14,消化系统,13,频频,13,咖啡因,13,有助,13,侵害,12,胃肠道,12,流动,12,首选,12,胃溃疡,12,暴饮暴食,11,患有,11,减退,11,流失,11,抵御,11,成份,11,浮肿,10,堆积,10,病变,10,温热,10,过剩,10,殊不知,10,营养物质,10,失衡,9,光泽,9,适宜,9,储备,9,健康长寿,9,积聚,9,胃癌,8,益处,8,光亮,8,冠心病,7,臃肿,7,可减轻,7,大时,6,困乏,6,胃病,6,外力,6,气色,6,空洞,5,舒解,5,烟酒,5,断裂,5,伤身,5,由内而外,5,荷包,2
82,身体,981,健康,838,睡眠,820,失眠,373,精神,291,休息,256,状态,220,规律,149,养生,145,熬夜,143,疲劳,136,运动,133,白天,131,入睡,128,经常,128,午睡,97,疾病,93,睡眠不足,91,醒来,82,身体健康,76,饮食,73,平时,71,透支,69,大脑,66,夜晚,58,锻炼,58,上班族,56,亚健康,56,体质,56,状况,53,恢复,53,作息,48,质量,47,现代人,47,不适,45,体力,43,精力,38,乏力,36,第二天,33,猝死,32,精神状态,28,调理,28,精力充沛,28,疲倦,26,长寿,25,锻炼身体,25,关爱,25,过劳死,24,午休,22,每晚,22,伤身,21,大自然,21,繁忙,20,时常,19,生活习惯,19,疲乏,18,别太,18,黑眼圈,17,日常生活,17,不当,17,不佳,16,闷,16,赶走,16,抽烟,16,惊醒,16,做梦,16,睡,15,一夜,15,生活节奏,14,不良,14,中年人,14,健康长寿,14,繁重,14,节奏快,13,困倦,13,晚睡,13,腰酸背痛,13,劳逸结合,13,困乏,12,坐车,11,食欲,11,面色,10,午间,10,工作量,10,高强度,10,安稳,10,快节奏,10,睡姿,10,常态,10,多喝水,9,补觉,9,节制,8,心神,8,大病,7,全家人,7,连日来,6,不动,6,究其原因,6,工作效率,5,安睡,5,一觉,5,前兆,5,变大,5,支配,5,操劳,5,心身,3,bbc,3,不容忽视,3,轻松自在,3
83,市场,601,投资,504,交易,349,投资者,301,风险,270,机会,248,赚钱,232,股票,217,资金,177,亏损,166,股市,111,盈利,108,把握,103,分析,101,控制,97,收益,90,判断,85,价值,84,仓位,79,买入,75,散户,68,策略,67,获利,62,时机,61,利润,61,损失,59,股民,55,持有,55,抄底,53,机构,53,大部分,53,实力,50,筹码,50,卖出,49,意味着,49,股价,48,被套,46,错误,44,解套,43,跌,42,结合,42,波动,41,观察,40,分析师,39,单子,39,预测,38,资本,37,必然,37,耐心,36,期货,34,手中,33,进场,31,主力,31,基本面,28,地量,28,博弈,28,介入,28,成交,28,理财,27,回报,27,套牢,27,规避,26,相反,26,打压,26,犹豫,24,来临,24,涨跌,24,顺势,23,转变,23,牛市,22,理性,22,稳健,22,出局,22,盘,21,恐慌,21,游资,20,跟上,20,运用,19,暴跌,19,暴涨,19,抛售,18,一度,18,看出,17,煎熬,17,警惕,17,持股,17,动能,17,或者说,16,一时,15,平仓,15,跌停,15,拿下,15,砸,14,不确定性,14,敢于,14,对冲,14,技术指标,13,新一轮,13,急于,13,低价,13,离场,13,加仓,13,收割,13,最为,12,跟踪,12,追涨杀跌,11,看盘,11,灵活,11,实盘,11,证券,11,盘口,11,不大,11,逆势,10,贪婪,10,情形,10,很强,10,不利于,10,一轮,10,金融市场,9,或多或少,9,入市,9,不多,9,财力,8,不佳,8,短时间,8,强弱,8,顶部,7,现阶段,6,重仓,6,做单,6,落袋,5,切勿,5,现金流,5,向来,5,自信心,5,安,4,外汇,4,补仓,3
84,中国,1076,显示,421,我国,224,每年,216,占,206,数据,202,超过,197,最大,170,称,165,调查,160,报告,158,专家,155,人口,134,最高,125,收入,123,平均,120,水平,117,严重,104,近日,104,达到,96,比例,88,死亡,81,亿,79,就业,73,传统,73,居民,73,万元,70,人群,69,消费,57,相比,56,相当,50,发现,49,最低,48,高达,47,更大,45,一项,44,普遍,42,指出,41,过劳死,40,时期,38,预测,36,近年来,34,研究,29,极大,26,支出,26,上班族,25,大多,25,幸福感,22,也就是说,22,污染,21,主因,21,诸多,21,源于,20,人口老龄化,19,毕业生,18,三大,18,税负,17,调研,17,尚未,17,青年人,16,剧增,16,过劳,15,猝死,15,发达国家,15,前所未有,15,流失,15,住房,14,更高,13,七成,13,攀升,12,最重,12,严峻,12,致使,11,已成,11,更重,10,人多,10,谈不上,10,社科院,10,百分点,9,外部环境,9,慢性病,8,一击,8,学历,8,压在,7,外汇储备,7,全,6,不容忽视,6,社会保障,6,首要,4,黄金周,4,再累,3
85,感觉,817,好大,702,最近,683,有点,656,突然,309,山,225,山大,204,太大,199,不停,125,看着,108,两天,106,考试,101,几天,86,头疼,74,顿时,74,失眠,62,原文,59,地址,59,倍感,55,boss,52,考,51,看来,49,快速,44,周围,43,倍增,41,搞,41,挣扎,41,忽然,40,徘徊,40,郁闷,38,老是,38,现状,36,要死,35,ppt,35,算了,34,高效,33,有点累,32,做梦,28,无比,25,一下子,25,惊醒,24,慌,23,近来,23,写照,22,异常,22,大好,20,吃不消,20,一到,19,梦想,19,悄然,18,白癜风,18,无声,18,滋长,18,都市,18,之势席,18,写字楼,18,烦心事,18,这下,17,大得,17,每晚,17,脑子里,14,上来,12,怒火,10,好烦,9,挺住,9,来回,9,眼皮,9,这期,9,阴沉沉,8,字,6,寒假,6,没来,6,走到,5,好重,4,吸气,4,心理素质,4,几日,4,没过,4,停歇,3
86,面对,332,现实,330,事,303,社会,257,巨大,213,所谓,194,无奈,188,竞争,173,寻找,148,令,147,只能,131,残酷,125,生存,123,种种,114,心灵,106,解压,103,不该,94,宣泄,90,不敢,87,活得,81,不知,81,不得不,80,之下,77,或许,77,勇气,71,无力,65,太累,65,事实,65,顶,52,扭曲,51,解,48,困惑,47,艰难,47,背后,45,必然,44,一面,43,外部,39,人会,38,遭遇,36,不来,35,大多数,35,便是,35,阴影,35,令人,34,原本,33,外界,33,着想,30,直面,30,学,30,多数,29,缺少,27,目光,26,化解,26,前行,24,太好,24,记住,24,迫使,24,记性,24,激烈,23,无处不在,22,虚假,22,熔炉,21,已成,21,日益,20,备受,20,无形,20,忘记,19,现状,17,恐慌,17,备感,16,难免会,16,笼罩,15,途径,14,强者,14,心头,14,冰冷,13,挺住,13,客观,12,面对现实,12,无尽,12,阴暗,12,想过,12,促使,11,大都,10,七分,10,无形中,10,更难,10,随之而来,10,一股,9,憋屈,9,承载,9,突如其来,8,如影随形,8,随心所欲,7,年关,7,学着,6,冲破,6,太少,6,我累,5,抗拒,5,眉山,5,释怀,4,不应,4,难于,4,枣庄,4,有何,4,这有,3
87,快乐,943,总是,327,活着,296,追求,241,比较,169,标准,168,坚持,164,学会,140,真实,136,强,129,欲望,88,攀比,85,留下,74,规律,74,太多,64,事物,64,不如意,64,缺乏,62,坚强,60,不必,57,当做,57,施舍,51,幸福感,46,奋斗,41,没人,40,缺少,37,患得患失,37,原本,36,短暂,35,充实,33,手段,33,懂,31,依靠,31,太久,30,苏州,29,总有,26,步伐,25,向外,24,素面朝天,24,无忧,24,不经意,24,从不,24,信仰,23,懂得,22,感动,21,愉悦,21,苦短,20,不必要,20,坦然,19,偷走,19,空虚,18,几十年,17,旅途,17,负荷,17,活得,17,满足感,17,不知足,16,大都,16,缩小,16,长寿,15,见鬼,15,舒坦,15,活出,14,潍坊,13,行囊,13,困顿,11,太高,10,冲破,9,再累,9,惧怕,8,想过,8,烦忧,8,剥夺,7,身处,7,动不动,5,再大,5,事务,5,多想,4,无怨无悔,4,短短,4,所迫,2,怒火,2,磅礴,1
88,市场,1606,a股,471,资金,278,预期,262,股市,260,短期,207,投资者,198,整体,179,政策,149,利好,133,ipo,127,流动性,121,新股,119,本周,119,周期,111,因素,107,当前,100,资金面,99,估值,97,利空,97,蓝筹股,90,有望,89,迎来,87,机构,86,基金,81,央行,78,业绩,72,延续,69,美股,68,证监会,67,乐观,66,格局,63,担忧,62,债市,58,监管,57,波动,56,资本,55,杠杆,55,牛市,54,下周,54,管理层,53,股票,53,融资,48,基本面,47,有限,45,布局,44,后期,43,外资,42,短期内,41,上市公司,40,解禁,39,发行,39,节后,39,效应,37,二级,37,暴跌,34,小盘股,32,结构性,32,本轮,32,转向,32,中期,32,外围,31,超,31,不确定性,30,年内,30,宽松,30,警惕,30,扩容,30,密集,29,双重,29,蓝筹,29,对冲,29,减持,29,低迷,28,证券,28,货币政策,28,年末,28,背景,28,中长期,27,期货,26,博弈,26,氛围,26,悲观,26,地产,26,临近,26,后续,24,显然,24,主导,24,提振,23,贸易战,23,负面影响,22,阶段性,22,恐慌,21,不利,21,年底,20,一轮,20,优质,19,局部,19,升温,19,放缓,19,较为,18,仍会,18,重启,17,新一轮,16,抽血,16,概念股,16,大盘股,15,显现,14,套现,14,分流,14,外盘,14,养老金,14,金融市场,13,游资,13,重回,13,恶化,13,契机,12,重仓,12,入市,12,受制于,11,基建,11,偏空,11,国企改革,11,干预,11,期指,11,走弱,11,高层,10,新股申购,10,三季度,9,情形,9,呈现出,9,陡增,9,加码,9,迟迟,9,下挫,9,犹存,8,交易日,8,eastmoney,8,愈发,8,短,8,两日,7,筑底,7,宏观经济,7,地产股,6,惯性,6,整固,6,领头羊,5,白马股,5,突破口,3,疲态,3,真他妈,1
89,情绪,1039,表达,310,情感,287,心理,267,自我,254,方式,242,内心,239,释放,171,行为,158,接受,152,感受,151,恐惧,138,沟通,122,学会,119,控制,119,想法,116,接纳,113,负面,109,真实,96,意识,89,理性,88,宣泄,74,处理,71,外,68,内在,67,音乐,65,冲突,62,爆发,59,建立,59,放大,59,理智,56,否定,55,思想,54,敏感,53,尝试,53,听听,52,接触,52,人际关系,52,给予,49,困扰,49,观察,47,只会,43,过分,43,心理学,43,阴影,41,心理咨询,40,暗示,39,逃避,38,事实上,38,试图,36,寻求,35,积累,35,极端,34,强烈,33,思维,33,发脾气,32,惩罚,32,事物,31,客观,31,认知,28,克服,28,不满,27,束缚,27,诉苦,27,大多,27,消极,27,常见,26,柔软,25,焦躁,25,激发,25,解决问题,24,攻击,22,一味,22,发现自己,22,一方,21,极度,21,撒谎,21,注重,19,或多或少,19,循环,19,观念,18,放纵,18,深呼吸,18,心理医生,18,侃侃,17,意愿,17,内心深处,16,试着,16,节制,15,社交,15,内心世界,15,层面,15,悲观,15,阻碍,14,倾向,14,抗拒,14,虾米,13,懦弱,13,回避,13,转化,12,人要,11,七分,11,自责,10,掩饰,10,释放出来,9,适时,9,这会,9,患得患失,9,反击,8,疏导,8,愈,7,随心所欲,6,学着,6,口气,6,之道,5,更易,3,击破,3
90,运动,807,身体,590,动作,392,跑步,339,放松,323,肌肉,294,缓解,245,锻炼,210,按摩,204,体重,180,减轻,153,方法,145,呼吸,140,全身,128,瑜伽,121,休息,117,关节,99,腰部,99,分钟,95,心脏,95,慢慢,88,背部,87,双手,81,腰椎,76,颈椎,75,重量,74,脊椎,73,膝关节,73,脂肪,68,腹部,67,双腿,65,双脚,64,舒缓,63,恢复,63,酸痛,60,部位,59,燃烧,59,睡姿,58,地面,57,疲劳,54,神经,52,尽量,51,胸部,48,舒适,48,缓慢,47,头部,46,久坐,43,站立,43,弯曲,41,肩膀,41,损伤,38,颈部,36,弹性,36,血液循环,35,侧卧,35,僵硬,34,负重,33,心率,32,运动量,31,慢跑,30,爬楼梯,30,强度,29,向前,28,舒展,27,骨骼,27,重复,26,吸气,26,体力,25,下肢,25,肥胖,25,更能,24,循环,23,按压,23,肩颈,22,女人,21,松弛,21,收紧,21,网易,21,腰痛,21,受压,20,锻炼身体,19,负荷,19,减去,18,减缓,18,体能,18,静坐,18,这会,18,低头,17,肌,17,脚部,17,准妈妈,17,承重,17,收缩,17,腰酸背痛,17,重力,17,足部,16,借助,15,气血,15,头脑,15,过重,14,分散,14,脸部,14,灵活,14,抬高,13,挤压,13,放慢,13,酸疼,13,紧绷,12,深呼吸,12,减小,12,双眼,12,街区,11,冥想,11,腰椎间盘,11,试着,11,颈椎病,11,均衡,11,情形,10,倾斜,10,一到,8,卡路里,8,轻柔,7,肩带,7,轻快,7,顶部,6,身体状况,6,大大,6,甩掉,5,度,5,臃肿,4,三角形,4,心情舒畅,4,背靠,4,眼睑,3
91,很多,1043,其实,655,真正,480,能够,467,不同,462,每个,346,认为,244,做到,175,理解,172,完全,165,了解,164,所谓,129,现实,109,同样,107,不到,87,人会,78,想法,73,并非,70,很少,69,实际上,55,毕竟,54,观点,54,却是,53,体会,48,很难,46,看似,46,事实,40,相当,35,兑现,33,殊不知,32,如果说,32,从来不,31,只不过,31,像是,31,构成,30,意愿,29,就行,28,一部分,28,认知,28,深情,28,很小,27,表面,26,或者说,25,强迫,24,源于,23,当做,21,大到,20,多余,20,这点,19,幸福感,18,谎言,18,来源于,18,偶然,16,情话,16,琐碎,15,靠近,15,价值观,14,人能,14,字眼,12,周遭,12,不论是,12,非议,12,累积,12,久而久之,11,打交道,11,很强,11,支配,9,承受力,9,迫切,8,想过,8,担不起,7,嘈杂,6,大是,5,落到,4,字,3
92,母亲,881,父亲,733,孩子,666,家庭,599,老人,509,妻子,505,父母,493,丈夫,396,家里,330,照顾,326,儿女,122,身上,118,家人,111,打工,105,带,96,上学,96,亲人,93,如今,84,来到,80,承担,80,子女,76,父亲节,75,后来,74,岁,74,留下,56,农村,50,不堪,49,不幸,49,两年,48,爷爷奶奶,48,在家,46,扛起,45,在外,42,睡不着,38,爸妈,36,家务,36,唠叨,35,治病,34,留给,32,父爱,31,老家,30,从不,30,年纪,29,对付,28,分担,28,觉,27,关爱,27,极度,25,独自,25,学费,24,操心,24,地说,23,背着,23,离世,22,担起,21,顶梁柱,20,晚上,20,全家人,20,养家,19,靠着,19,病痛,19,顿时,18,打拼,18,双手,17,爸爸妈妈,17,操劳,17,抚养,17,身子,17,患病,16,不久,15,劳动,15,贫穷,14,读完,13,撑起,13,重任,13,艰苦,12,牵挂,12,患有,12,在生活中,11,医药费,11,双腿,11,家事,10,平天下,10,年前,10,身体状况,10,养育,10,本是,9,男方,9,很重,9,烦心事,9,上有老下有小,9,一处,9,肩负着,8,再生,8,万分,7,活下去,7,全靠,7,厌烦,6,难以承受,6,不下,6,压在,6,白发,6,时侯,6,治疗费,5,外边,4,健康长寿,4,转起,4,别有,3,骤然,3,疲态,2
93,非常,495,效果,262,使用,239,采用,163,完全,162,毫无,157,一款,148,减轻,147,轻松,143,舒适,142,自然,125,拥有,104,产品,96,抑制,95,这款,93,轻,89,材质,82,足够,81,相当,80,感,76,更加,76,柔软,75,清爽,70,强大,67,d,48,配合,47,轻盈,44,十分,42,无需,41,尝试,40,孕妇,39,持久,39,特点,37,妈妈,35,补水,35,显得,34,无论是,34,痘痘,34,处,34,环保,33,精华,33,冬季,33,洗完,31,高度,30,水润,29,优质,29,重量,29,海洋,29,保暖,29,黑色素,26,宽松,26,快来,26,轻便,25,灵活,25,扭曲,24,弹性,23,保湿,22,一身,22,生长,22,清洁,22,哺乳期,20,乳液,20,面霜,20,厚重,20,可用,20,局部,19,更重,19,极其,19,脸,19,挤压,17,轻柔,17,驾驭,17,突出,16,爽肤水,16,胸怀,16,大度,16,平常,16,原料,16,水,16,眼皮,16,pucomary,15,全职,15,涂,15,超,15,阴郁,14,安肌水,14,保修,14,护,14,高效,14,略显,14,多余,14,固态,14,超大,14,之水,13,质地,13,又名,13,注重,12,拍出,12,笨重,12,澡,12,倍增,11,非常明显,11,感应,10,囤货,10,肩带,10,最爱,10,价位,10,办公,9,额外,9,攻势,8,臃肿,8,甩开,8,紧绷,8,五金,8,色素,7,素颜,7,卸掉,5,厚厚的,5,户外活动,5,工作日,4,气色,4,双十,3,大大,3,size,2,台州,2,pressure,2
94,食物,764,健康,453,增加,400,饮食,340,营养,272,注意,253,运动,205,少,190,消化,186,减少,156,肠胃,137,脂肪,133,胃,127,心脏,125,蛋白质,124,加重,106,保证,104,摄入,99,忌,95,油腻,93,肥胖,87,熬夜,86,消耗,84,应,84,进食,84,肾脏,83,适当,82,不宜,80,体重,80,过多,79,吸收,77,避免,75,大量,74,胃肠,71,热量,71,清淡,69,过量,56,规律,56,肝脏,56,暴饮暴食,55,食欲,50,大脑,50,消化不良,50,危害,49,酒精,48,尽量,48,丰富,46,代谢,40,养生,38,水分,37,多喝水,36,好处,36,饥饿,34,肠道,33,煲,33,防止,32,胃肠道,31,咀嚼,31,不利,30,饮用,29,饮酒,29,胀气,28,胃部,28,细嚼慢咽,28,适度,28,血液,27,饮水,27,警惕,26,增多,26,胃病,26,应酬,25,矿物质,25,便秘,24,比例,24,多余,22,含有,22,营养素,22,有害,22,现代人,21,糖尿病,21,均衡,21,油脂,21,适宜,20,吃太多,19,心脏病,19,饮食习惯,19,不利于,19,分泌,19,咖啡因,19,消化系统,18,过重,17,为宜,17,时常,17,堆积,16,免疫力,16,卡路里,16,有利,16,专家建议,16,减缓,15,运动量,15,烟酒,15,有助,15,三大,15,久坐,14,大大增加,13,血压,12,孕期,12,营养不良,12,营养物质,11,更易,10,吃点,10,排出,10,养分,10,节制,9,胃溃疡,9,有益,9,尽量避免,8,脾胃,8,户外活动,8,削弱,8,色素,7,适时,7,困倦,7,氨基酸,7,温热,7,食欲不振,6,伤身,5,饭局,4,趋于,4
95,突破,814,线,605,趋势,446,目前,349,均线,271,上行,261,震荡,260,位置,236,空间,229,股价,215,向上,213,走势,210,形成,188,日线,167,成交量,160,下跌,152,量,142,上升,137,放量,114,高点,112,下降,108,前期,105,下行,102,底部,99,处于,98,k,88,形态,83,平台,76,处,75,周线,74,运行,73,跌破,70,指标,69,区间,64,后市,64,股票,64,通道,60,主力,60,买入,58,观察,57,向下,56,区,56,阻力,55,弱势,55,横盘,54,信号,52,缩量,50,多方,48,sz,47,上攻,47,持有,45,级别,44,点位,42,接近,41,头部,41,上证指数,41,放大,40,配合,39,判断,39,低点,39,攻击,38,一波,38,洗盘,37,中线,36,该股,31,价位,30,背离,28,顶部,28,macd,27,颈线,26,站稳,26,上轨,24,中期,24,密集,23,盘整,23,抛压,23,走高,22,分水岭,21,介入,21,空方,21,波段,21,跟踪,20,萎缩,20,阳线,20,沪市,20,共振,19,创出,19,散户,19,月线,19,整理,19,站上,19,看多,18,周,18,清仓,18,看出,18,建仓,17,下移,16,卖出,16,箱体,16,小结,16,出局,15,称为,15,kdj,15,抵抗,15,跟进,15,十字星,14,期指,14,跳空,13,逼近,13,新低,13,日线图,12,再创新高,12,长阳,12,前高,12,涨停板,11,抬高,11,大于,11,阻力位,10,跌至,10,上影线,10,走平,10,金叉,10,冲破,10,最低点,10,三角形,10,上扬,10,深市,9,牛股,9,大幅度,9,支撑点,9,获利盘,9,预示,9,止跌,9,振荡,8,止跌企稳,7,临界点,7,蓄势,7,大阳线,6,下轨,6,攻势,6,谨防,6,上移,6,择机,6,反攻,5,买盘,5,顶背离,5,击破,5,面上,5,非常明显,5,积聚,5,触底,4,冲高后,4,骤然,3
96,感觉,1004,空间,361,轻松,267,感受,244,自然,234,空气,223,呼吸,176,感,156,整个,140,完全,133,充满,112,显得,110,气氛,101,氛围,101,变得,99,舒适,98,激情,95,有种,84,像是,73,活力,72,适应,68,十分,66,似乎,64,评价,63,无形,61,卸下,59,无比,57,沉闷,55,强烈,55,式,55,不已,54,兴奋,49,远离,45,令人,44,地面,44,目光,42,难免,41,随之,40,大自然,40,伴随,40,呈现,39,过后,38,体会,38,之中,38,略显,37,太久,36,一处,36,一下子,35,窒息,34,污染,33,甜蜜,33,清爽,31,一丝,30,来临,30,快感,30,些许,29,源于,28,失落,27,创伤,27,看荐,26,有着,26,活跃,26,外界,25,靠近,25,接触,24,喜悦,24,拥挤,23,扑面而来,23,愉悦,22,运用,22,明亮,22,表面,22,不快,21,束缚,21,活,21,太过,20,轻松自在,18,厌烦,18,丝毫,18,坐在,17,一股,16,冰冷,16,充盈,16,停靠,15,真想,15,身处,15,终于,15,激发,15,抛开,15,狭小,14,那一刻,14,放,13,难免会,13,熟悉,13,思绪,12,过滤,12,谈不上,11,增添,10,笼罩,10,无形中,10,已久,10,坦然,9,我累,8,单调,8,低沉,8,流动,8,这条,7,拍出,7,阴霾,7,削弱,7,平日,5,花开,5,顿觉,5,我想,3,酣畅淋漓,3,恬淡,3,这有,2,磅礴,1
97,生活,1212,享受,681,快乐,537,感受,503,忙碌,235,日子,234,体会,206,奔波,197,真实,193,痛苦,157,不同,121,乐趣,118,经历,95,收获,89,脚步,81,带给,69,过得,68,空虚,67,充实,65,充满,65,艰辛,47,不幸,46,愉悦,43,短暂,43,无暇,38,茶,35,一杯,35,将来,33,些许,27,伤痛,23,光棍,23,创伤,23,分担,22,住,21,奴隶,21,余,21,喜悦,20,跟随,19,一夜,19,支点,19,厌倦,19,太阳,18,落,18,快感,18,支配,17,旅途,16,轻盈,15,升起,15,一贫如洗,15,无所事事,14,停下来,14,停下,13,挤走,13,乏味,12,不已,12,艰苦,12,赋予,12,或多或少,12,是是非非,11,真谛,11,放慢,10,紧绷,8,慢下来,8,地去,8,便会,8,喘息,6,周遭,6,人能,6,早出晚归,6,精疲力尽,5,劳动者,5,附加,5,轻装上阵,4,总想,4,松原,1
98,顶住,246,对手,221,能力,206,巨大,199,巴西,182,表现,169,状态,153,依然,152,进攻,137,一场,130,实力,125,防守,120,发挥,86,优势,85,顶,84,阿根廷,84,关键,78,太大,77,成绩,74,强大,69,梅西,68,四年,63,出色,55,更是,53,团队,52,毕竟,52,体现,51,艰难,51,反击,51,看来,50,拿下,50,相比,46,取得,46,给予,45,接下来,44,制造,43,巴西队,42,双方,42,过于,41,内马尔,37,恐怕,37,体力,36,配合,36,智利,35,期望,35,施加,35,原本,34,爆发,33,没能,33,极大,33,对抗,30,多次,29,这点,29,背负,27,打得,27,无疑,25,预测,23,一击,23,以往,22,财力,20,出局,19,本想,18,缺少,18,竞争对手,16,牵制,16,看球,16,不大,16,兼顾,15,频频,15,喘息,15,争夺,14,体能,14,略显,14,很强,13,跳水,13,接连,13,备受,12,扛起,11,空前,11,一轮,11,余,11,不可避免,10,背负着,10,承载,10,增添,10,一秒钟,9,不顺,9,压缩,9,抗住,9,一分,8,窒息,8,攻势,8,六天,7,纾解,7,一个多月,7,难以想象,7,小多,6,预判,6,处境,5,口气,5,疲态,4,太深,4,亚历山大,4,蛮大,4,承受力,3,身负,3,真大,2,承重,2,支点,2
99,医生,956,医院,842,患者,664,治疗,509,手术,331,病人,326,检查,273,医疗,178,疾病,158,费用,147,严重,113,药物,106,家人,106,救助,99,病情,85,家属,81,癌症,81,岁,73,用药,64,需,54,公立医院,51,死亡,50,医保,49,临床,48,糖尿病,45,病痛,45,患上,44,肿瘤,42,复发,41,患病,40,无力,38,不幸,38,护理,37,指导,37,治病,35,感染,35,慢性病,34,医疗费,33,已有,32,医改,32,服用,32,化疗,31,大病,30,半年,28,胃癌,27,患儿,27,医药费,27,术后,26,患有,26,就医,26,几次,25,via,25,高昂,24,治疗费,23,生活习惯,22,所致,20,后续,20,爱护,16,恶化,16,抽血,15,解除,14,受损,14,巨额,13,慢性,13,心脏病,13,跳楼,13,好转,11,发病率,11,不当,11,短时间,11,进食,10,面色,9,分娩,9,本想,8,超负荷,8,饱受,8,不合理,8,迫在眉睫,7,高危,7,防护,7,深感,7,病因,7,呕吐,6,坐骨神经,6,高额,6,予以,6,一个多月,6,重重的,5,焦虑不安,4,精神恍惚,3,忧心,2
